make,model,variant,year,odometer_km,segment,service_history,panel_paint_condition,mechanical_faults,tyre_condition,keys_count,rego_status,guide_trade_low,guide_trade_high,comps_json,purchase_price_aud,actual_recon_aud,resale_price_aud,purchased_at
Toyota,Hilux,Rogue,2024,38786,ute,partial,excellent,none,worn,1,current,31650.0,35690.0,"[{""sold_at"": ""2026-01-24"", ""price_aud"": 35160.0, ""odometer_km"": 33525, ""match_quality"": 0.98}, {""sold_at"": ""2026-01-11"", ""price_aud"": 30510.0, ""odometer_km"": 29582, ""match_quality"": 0.82}, {""sold_at"": ""2025-12-26"", ""price_aud"": 34930.0, ""odometer_km"": 47882, ""match_quality"": 0.89}, {""sold_at"": ""2025-11-18"", ""price_aud"": 31800.0, ""odometer_km"": 37581, ""match_quality"": 0.8}, {""sold_at"": ""2026-02-02"", ""price_aud"": 32630.0, ""odometer_km"": 42215, ""match_quality"": 0.9}, {""sold_at"": ""2026-01-18"", ""price_aud"": 36540.0, ""odometer_km"": 37160, ""match_quality"": 0.97}]",28810.0,2610.0,39500.0,2026-04-07
Hyundai,i30,Elite,2016,87437,small,partial,good,none,worn,2,current,7310.0,8250.0,"[{""sold_at"": ""2025-05-25"", ""price_aud"": 8160.0, ""odometer_km"": 83252, ""match_quality"": 0.87}, {""sold_at"": ""2025-04-24"", ""price_aud"": 7860.0, ""odometer_km"": 96313, ""match_quality"": 0.87}, {""sold_at"": ""2025-04-22"", ""price_aud"": 7140.0, ""odometer_km"": 94596, ""match_quality"": 0.64}, {""sold_at"": ""2025-06-15"", ""price_aud"": 7810.0, ""odometer_km"": 82770, ""match_quality"": 0.8}, {""sold_at"": ""2025-07-19"", ""price_aud"": 7730.0, ""odometer_km"": 79066, ""match_quality"": 0.94}, {""sold_at"": ""2025-04-17"", ""price_aud"": 8010.0, ""odometer_km"": 72948, ""match_quality"": 0.69}]",4830.0,1347.0,,2025-07-31
Subaru,Forester,2.5i-S,2018,92731,suv,partial,good,none,good,2,current,12200.0,13760.0,"[{""sold_at"": ""2025-02-14"", ""price_aud"": 14150.0, ""odometer_km"": 91854, ""match_quality"": 0.75}, {""sold_at"": ""2025-01-13"", ""price_aud"": 12200.0, ""odometer_km"": 92949, ""match_quality"": 0.79}, {""sold_at"": ""2025-03-04"", ""price_aud"": 12760.0, ""odometer_km"": 69621, ""match_quality"": 0.82}, {""sold_at"": ""2025-03-11"", ""price_aud"": 12870.0, ""odometer_km"": 70845, ""match_quality"": 0.69}]",7150.0,3216.0,,2025-06-08
Honda,CR-V,VTi-L,2023,52000,suv,full,fair,none,replace,2,current,21560.0,24320.0,"[{""sold_at"": ""2025-04-01"", ""price_aud"": 21980.0, ""odometer_km"": 43354, ""match_quality"": 0.7}, {""sold_at"": ""2025-05-16"", ""price_aud"": 23660.0, ""odometer_km"": 55853, ""match_quality"": 0.72}, {""sold_at"": ""2025-04-07"", ""price_aud"": 22920.0, ""odometer_km"": 41968, ""match_quality"": 0.72}, {""sold_at"": ""2025-04-02"", ""price_aud"": 22580.0, ""odometer_km"": 43889, ""match_quality"": 0.64}]",18500.0,2561.0,26450.0,2025-07-03
BMW,3 Series,M340i,2015,172676,prestige,full,fair,none,good,2,unregistered,15140.0,17080.0,"[{""sold_at"": ""2026-04-13"", ""price_aud"": 16670.0, ""odometer_km"": 198869, ""match_quality"": 0.86}, {""sold_at"": ""2026-04-05"", ""price_aud"": 14690.0, ""odometer_km"": 155288, ""match_quality"": 0.99}, {""sold_at"": ""2026-07-11"", ""price_aud"": 15490.0, ""odometer_km"": 203629, ""match_quality"": 0.72}]",11860.0,2870.0,17610.0,2026-07-28
Toyota,Corolla,ZR,2023,58423,small,full,fair,none,good,2,expired,16270.0,18350.0,"[{""sold_at"": ""2025-03-27"", ""price_aud"": 17560.0, ""odometer_km"": 70007, ""match_quality"": 0.84}, {""sold_at"": ""2025-01-12"", ""price_aud"": 15940.0, ""odometer_km"": 63270, ""match_quality"": 0.72}, {""sold_at"": ""2025-01-11"", ""price_aud"": 15640.0, ""odometer_km"": 61698, ""match_quality"": 0.76}]",11930.0,2587.0,,2025-05-23
Honda,CR-V,VTi-L,2024,31671,suv,full,good,none,new,2,current,24430.0,27550.0,"[{""sold_at"": ""2026-03-20"", ""price_aud"": 24270.0, ""odometer_km"": 38179, ""match_quality"": 0.69}, {""sold_at"": ""2026-01-28"", ""price_aud"": 26510.0, ""odometer_km"": 37072, ""match_quality"": 0.75}, {""sold_at"": ""2026-01-26"", ""price_aud"": 23980.0, ""odometer_km"": 27477, ""match_quality"": 0.98}]",22590.0,304.0,29850.0,2026-04-28
Honda,Civic,VTi,2016,109906,small,partial,excellent,aircon weak,new,2,current,8120.0,9160.0,"[{""sold_at"": ""2025-12-21"", ""price_aud"": 8410.0, ""odometer_km"": 98671, ""match_quality"": 0.81}, {""sold_at"": ""2026-01-29"", ""price_aud"": 8570.0, ""odometer_km"": 97661, ""match_quality"": 0.91}, {""sold_at"": ""2025-12-14"", ""price_aud"": 7800.0, ""odometer_km"": 119270, ""match_quality"": 0.64}]",4460.0,2029.0,9420.0,2026-03-04
Subaru,Outback,AWD Sport,2021,87936,medium,partial,good,none,worn,2,current,18140.0,20460.0,"[{""sold_at"": ""2025-08-17"", ""price_aud"": 17480.0, ""odometer_km"": 100548, ""match_quality"": 0.97}, {""sold_at"": ""2025-06-07"", ""price_aud"": 19110.0, ""odometer_km"": 79726, ""match_quality"": 0.63}, {""sold_at"": ""2025-06-07"", ""price_aud"": 21110.0, ""odometer_km"": 108592, ""match_quality"": 0.64}, {""sold_at"": ""2025-07-03"", ""price_aud"": 20400.0, ""odometer_km"": 100155, ""match_quality"": 0.96}, {""sold_at"": ""2025-04-29"", ""price_aud"": 19920.0, ""odometer_km"": 77343, ""match_quality"": 0.82}]",14210.0,1576.0,21190.0,2025-09-01
Honda,Civic,VTi-S,2022,76774,small,none,fair,WL:abs; rear brakes,good,1,current,15310.0,17270.0,"[{""sold_at"": ""2026-02-06"", ""price_aud"": 16650.0, ""odometer_km"": 88580, ""match_quality"": 0.64}, {""sold_at"": ""2026-04-30"", ""price_aud"": 14730.0, ""odometer_km"": 66937, ""match_quality"": 0.63}, {""sold_at"": ""2026-02-04"", ""price_aud"": 17490.0, ""odometer_km"": 85571, ""match_quality"": 0.61}]",6840.0,5379.0,18400.0,2026-06-30
Mercedes-Benz,C-Class,C200,2017,191581,prestige,none,excellent,none,replace,2,current,18880.0,21300.0,"[{""sold_at"": ""2026-01-19"", ""price_aud"": 20270.0, ""odometer_km"": 212906, ""match_quality"": 0.91}, {""sold_at"": ""2025-10-06"", ""price_aud"": 21460.0, ""odometer_km"": 215163, ""match_quality"": 0.88}, {""sold_at"": ""2026-01-10"", ""price_aud"": 19280.0, ""odometer_km"": 195172, ""match_quality"": 0.62}, {""sold_at"": ""2025-12-23"", ""price_aud"": 19100.0, ""odometer_km"": 149856, ""match_quality"": 0.99}]",16600.0,1358.0,24000.0,2026-03-01
Ford,Focus,ST-Line,2015,215867,small,none,fair,none,good,2,current,5470.0,6170.0,"[{""sold_at"": ""2025-10-11"", ""price_aud"": 5890.0, ""odometer_km"": 180483, ""match_quality"": 0.64}, {""sold_at"": ""2025-09-18"", ""price_aud"": 5250.0, ""odometer_km"": 218964, ""match_quality"": 0.8}, {""sold_at"": ""2025-09-30"", ""price_aud"": 6320.0, ""odometer_km"": 230881, ""match_quality"": 0.69}, {""sold_at"": ""2025-11-01"", ""price_aud"": 5810.0, ""odometer_km"": 213581, ""match_quality"": 0.69}, {""sold_at"": ""2025-10-07"", ""price_aud"": 5630.0, ""odometer_km"": 227878, ""match_quality"": 0.89}]",2780.0,2033.0,7020.0,2026-01-25
Honda,Civic,VTi-L,2023,37082,small,full,fair,none,worn,2,current,17780.0,20060.0,"[{""sold_at"": ""2025-10-08"", ""price_aud"": 17620.0, ""odometer_km"": 35723, ""match_quality"": 0.98}, {""sold_at"": ""2025-11-09"", ""price_aud"": 18900.0, ""odometer_km"": 35109, ""match_quality"": 0.85}, {""sold_at"": ""2025-08-16"", ""price_aud"": 18980.0, ""odometer_km"": 30867, ""match_quality"": 0.89}, {""sold_at"": ""2025-11-12"", ""price_aud"": 19010.0, ""odometer_km"": 29487, ""match_quality"": 0.7}, {""sold_at"": ""2025-10-28"", ""price_aud"": 18040.0, ""odometer_km"": 44736, ""match_quality"": 0.98}, {""sold_at"": ""2025-10-18"", ""price_aud"": 20700.0, ""odometer_km"": 39249, ""match_quality"": 0.99}]",14870.0,2290.0,,2025-11-27
Mazda,CX-5,Touring,2021,57924,suv,full,fair,none,good,2,current,17560.0,19800.0,"[{""sold_at"": ""2025-02-04"", ""price_aud"": 17740.0, ""odometer_km"": 65152, ""match_quality"": 0.6}, {""sold_at"": ""2025-02-27"", ""price_aud"": 18790.0, ""odometer_km"": 60214, ""match_quality"": 0.61}, {""sold_at"": ""2025-02-13"", ""price_aud"": 19930.0, ""odometer_km"": 49426, ""match_quality"": 0.71}, {""sold_at"": ""2024-11-29"", ""price_aud"": 17560.0, ""odometer_km"": 52454, ""match_quality"": 0.9}, {""sold_at"": ""2024-12-23"", ""price_aud"": 19770.0, ""odometer_km"": 66863, ""match_quality"": 0.99}]",14970.0,814.0,,2025-04-21
Honda,Civic,VTi-L,2018,88026,small,partial,fair,none,replace,2,unregistered,10170.0,11470.0,"[{""sold_at"": ""2025-11-03"", ""price_aud"": 10440.0, ""odometer_km"": 71472, ""match_quality"": 0.89}, {""sold_at"": ""2025-12-19"", ""price_aud"": 10400.0, ""odometer_km"": 83598, ""match_quality"": 0.91}, {""sold_at"": ""2025-11-12"", ""price_aud"": 9980.0, ""odometer_km"": 106415, ""match_quality"": 0.75}, {""sold_at"": ""2025-10-27"", ""price_aud"": 9750.0, ""odometer_km"": 78238, ""match_quality"": 0.84}, {""sold_at"": ""2025-11-08"", ""price_aud"": 10170.0, ""odometer_km"": 106657, ""match_quality"": 0.84}]",6710.0,2153.0,13180.0,2026-03-23
Nissan,Navara,SL,2017,117923,ute,partial,good,none,good,2,unregistered,13110.0,14790.0,"[{""sold_at"": ""2025-08-19"", ""price_aud"": 15310.0, ""odometer_km"": 103042, ""match_quality"": 0.99}, {""sold_at"": ""2025-10-10"", ""price_aud"": 14310.0, ""odometer_km"": 112439, ""match_quality"": 0.85}, {""sold_at"": ""2025-09-13"", ""price_aud"": 14740.0, ""odometer_km"": 138339, ""match_quality"": 0.91}]",10890.0,1645.0,15270.0,2025-12-28
Nissan,Navara,ST-X,2021,94812,ute,full,good,none,good,2,current,19950.0,22490.0,"[{""sold_at"": ""2026-05-02"", ""price_aud"": 20800.0, ""odometer_km"": 103767, ""match_quality"": 0.84}, {""sold_at"": ""2026-04-02"", ""price_aud"": 21340.0, ""odometer_km"": 82355, ""match_quality"": 0.73}, {""sold_at"": ""2026-05-08"", ""price_aud"": 19420.0, ""odometer_km"": 110488, ""match_quality"": 0.81}, {""sold_at"": ""2026-02-20"", ""price_aud"": 21080.0, ""odometer_km"": 97544, ""match_quality"": 0.62}]",16320.0,538.0,,2026-05-30
Subaru,Forester,2.5i,2019,76891,suv,full,good,none,good,1,current,13720.0,15480.0,"[{""sold_at"": ""2025-10-29"", ""price_aud"": 14060.0, ""odometer_km"": 74267, ""match_quality"": 0.9}, {""sold_at"": ""2025-12-03"", ""price_aud"": 13690.0, ""odometer_km"": 81730, ""match_quality"": 0.67}, {""sold_at"": ""2025-10-19"", ""price_aud"": 14840.0, ""odometer_km"": 93535, ""match_quality"": 0.66}]",12250.0,1252.0,17260.0,2026-02-14
Audi,A4,35 TFSI,2022,40699,prestige,full,excellent,none,good,2,current,32960.0,37160.0,"[{""sold_at"": ""2026-04-01"", ""price_aud"": 35020.0, ""odometer_km"": 41279, ""match_quality"": 0.89}, {""sold_at"": ""2025-12-17"", ""price_aud"": 33960.0, ""odometer_km"": 47574, ""match_quality"": 0.65}, {""sold_at"": ""2026-02-24"", ""price_aud"": 32220.0, ""odometer_km"": 38658, ""match_quality"": 0.8}, {""sold_at"": ""2026-01-03"", ""price_aud"": 36820.0, ""odometer_km"": 50333, ""match_quality"": 0.69}]",26420.0,1509.0,39510.0,2026-04-14
Mazda,BT-50,XT,2020,124512,ute,full,good,WL:abs; rear brakes,replace,1,current,18040.0,20340.0,"[{""sold_at"": ""2025-11-22"", ""price_aud"": 17330.0, ""odometer_km"": 102422, ""match_quality"": 0.87}, {""sold_at"": ""2025-11-15"", ""price_aud"": 19440.0, ""odometer_km"": 109207, ""match_quality"": 0.63}, {""sold_at"": ""2025-09-13"", ""price_aud"": 20750.0, ""odometer_km"": 95592, ""match_quality"": 0.62}, {""sold_at"": ""2025-10-27"", ""price_aud"": 17440.0, ""odometer_km"": 110416, ""match_quality"": 0.65}]",12570.0,3175.0,22580.0,2025-12-04
Nissan,X-Trail,ST,2018,101405,suv,full,good,none,good,2,current,11810.0,13310.0,"[{""sold_at"": ""2025-06-23"", ""price_aud"": 12680.0, ""odometer_km"": 103336, ""match_quality"": 0.88}, {""sold_at"": ""2025-05-07"", ""price_aud"": 12370.0, ""odometer_km"": 109638, ""match_quality"": 0.89}, {""sold_at"": ""2025-09-03"", ""price_aud"": 11940.0, ""odometer_km"": 125559, ""match_quality"": 0.66}]",10900.0,460.0,,2025-09-26
Toyota,Camry,Ascent,2025,11179,medium,none,fair,none,good,1,current,27630.0,31150.0,"[{""sold_at"": ""2026-06-19"", ""price_aud"": 30780.0, ""odometer_km"": 9893, ""match_quality"": 0.7}, {""sold_at"": ""2026-04-03"", ""price_aud"": 26960.0, ""odometer_km"": 8575, ""match_quality"": 0.75}, {""sold_at"": ""2026-04-20"", ""price_aud"": 28290.0, ""odometer_km"": 9110, ""match_quality"": 0.92}, {""sold_at"": ""2026-05-27"", ""price_aud"": 31480.0, ""odometer_km"": 10082, ""match_quality"": 0.77}, {""sold_at"": ""2026-04-24"", ""price_aud"": 29410.0, ""odometer_km"": 9532, ""match_quality"": 0.97}, {""sold_at"": ""2026-02-15"", ""price_aud"": 31060.0, ""odometer_km"": 13729, ""match_quality"": 0.83}]",20550.0,1891.0,35800.0,2026-06-30
Holden,Commodore,Evoke,2024,26641,large,full,poor,WL:check engine light,replace,2,current,23410.0,26390.0,"[{""sold_at"": ""2025-01-22"", ""price_aud"": 23900.0, ""odometer_km"": 24677, ""match_quality"": 0.73}, {""sold_at"": ""2024-12-26"", ""price_aud"": 24910.0, ""odometer_km"": 26989, ""match_quality"": 0.66}, {""sold_at"": ""2025-02-14"", ""price_aud"": 26320.0, ""odometer_km"": 27614, ""match_quality"": 0.78}, {""sold_at"": ""2025-02-26"", ""price_aud"": 24800.0, ""odometer_km"": 32140, ""match_quality"": 0.97}, {""sold_at"": ""2025-01-31"", ""price_aud"": 26470.0, ""odometer_km"": 32308, ""match_quality"": 0.97}]",18720.0,4936.0,28580.0,2025-05-13
Mazda,BT-50,GT,2018,77483,ute,full,good,WL:abs; rear brakes,good,2,current,15710.0,17710.0,"[{""sold_at"": ""2025-03-25"", ""price_aud"": 15480.0, ""odometer_km"": 62480, ""match_quality"": 0.91}, {""sold_at"": ""2025-08-04"", ""price_aud"": 17750.0, ""odometer_km"": 96024, ""match_quality"": 0.87}, {""sold_at"": ""2025-07-20"", ""price_aud"": 15720.0, ""odometer_km"": 60699, ""match_quality"": 0.83}, {""sold_at"": ""2025-07-27"", ""price_aud"": 17900.0, ""odometer_km"": 88881, ""match_quality"": 0.69}]",12750.0,2493.0,19220.0,2025-08-21
Audi,A4,35 TFSI,2022,56367,prestige,full,good,aircon weak,good,2,current,32450.0,36590.0,"[{""sold_at"": ""2025-05-09"", ""price_aud"": 36220.0, ""odometer_km"": 63985, ""match_quality"": 0.81}, {""sold_at"": ""2025-01-07"", ""price_aud"": 31600.0, ""odometer_km"": 59631, ""match_quality"": 0.8}, {""sold_at"": ""2025-01-23"", ""price_aud"": 31340.0, ""odometer_km"": 66263, ""match_quality"": 0.78}, {""sold_at"": ""2025-03-24"", ""price_aud"": 37700.0, ""odometer_km"": 61890, ""match_quality"": 0.86}]",26260.0,2615.0,42080.0,2025-05-16
Hyundai,Tucson,Highlander,2023,34312,suv,none,good,none,good,2,current,20980.0,23660.0,"[{""sold_at"": ""2025-08-10"", ""price_aud"": 22540.0, ""odometer_km"": 42488, ""match_quality"": 0.67}, {""sold_at"": ""2025-09-12"", ""price_aud"": 24530.0, ""odometer_km"": 38363, ""match_quality"": 0.83}, {""sold_at"": ""2025-06-12"", ""price_aud"": 21970.0, ""odometer_km"": 30564, ""match_quality"": 0.86}, {""sold_at"": ""2025-09-10"", ""price_aud"": 24100.0, ""odometer_km"": 41606, ""match_quality"": 0.94}, {""sold_at"": ""2025-06-08"", ""price_aud"": 21290.0, ""odometer_km"": 30399, ""match_quality"": 0.91}, {""sold_at"": ""2025-05-14"", ""price_aud"": 23520.0, ""odometer_km"": 32398, ""match_quality"": 0.92}]",17670.0,1182.0,27210.0,2025-09-19
BMW,3 Series,M340i,2019,93925,prestige,full,good,none,replace,2,current,24690.0,27850.0,"[{""sold_at"": ""2025-05-27"", ""price_aud"": 24850.0, ""odometer_km"": 71671, ""match_quality"": 0.7}, {""sold_at"": ""2025-03-04"", ""price_aud"": 27710.0, ""odometer_km"": 75090, ""match_quality"": 0.86}, {""sold_at"": ""2025-05-18"", ""price_aud"": 28030.0, ""odometer_km"": 74631, ""match_quality"": 0.84}, {""sold_at"": ""2025-06-21"", ""price_aud"": 26530.0, ""odometer_km"": 95544, ""match_quality"": 0.74}]",20640.0,3020.0,30050.0,2025-07-09
Ford,Ranger,Wildtrak,2025,16732,ute,partial,excellent,none,good,2,current,37900.0,42740.0,"[{""sold_at"": ""2025-05-13"", ""price_aud"": 41790.0, ""odometer_km"": 16714, ""match_quality"": 0.76}, {""sold_at"": ""2025-03-27"", ""price_aud"": 37140.0, ""odometer_km"": 15781, ""match_quality"": 0.96}, {""sold_at"": ""2025-06-06"", ""price_aud"": 37640.0, ""odometer_km"": 14704, ""match_quality"": 0.9}, {""sold_at"": ""2025-03-12"", ""price_aud"": 38620.0, ""odometer_km"": 16669, ""match_quality"": 0.96}, {""sold_at"": ""2025-03-10"", ""price_aud"": 43650.0, ""odometer_km"": 19147, ""match_quality"": 0.85}, {""sold_at"": ""2025-03-25"", ""price_aud"": 37120.0, ""odometer_km"": 18888, ""match_quality"": 0.89}]",31800.0,532.0,42720.0,2025-08-01
Mitsubishi,Outlander,LS,2022,47984,suv,full,good,none,good,1,current,18700.0,21080.0,"[{""sold_at"": ""2026-03-07"", ""price_aud"": 18980.0, ""odometer_km"": 47507, ""match_quality"": 0.72}, {""sold_at"": ""2026-02-15"", ""price_aud"": 18750.0, ""odometer_km"": 44809, ""match_quality"": 0.79}, {""sold_at"": ""2026-03-26"", ""price_aud"": 18600.0, ""odometer_km"": 54195, ""match_quality"": 0.9}, {""sold_at"": ""2026-02-25"", ""price_aud"": 20030.0, ""odometer_km"": 37383, ""match_quality"": 0.73}]",13580.0,3912.0,,2026-06-25
Audi,A4,35 TFSI,2018,194174,prestige,partial,good,none,good,1,current,18030.0,20330.0,"[{""sold_at"": ""2025-11-14"", ""price_aud"": 18520.0, ""odometer_km"": 220755, ""match_quality"": 0.93}, {""sold_at"": ""2026-01-05"", ""price_aud"": 17590.0, ""odometer_km"": 167427, ""match_quality"": 0.87}, {""sold_at"": ""2025-12-05"", ""price_aud"": 18290.0, ""odometer_km"": 215413, ""match_quality"": 0.75}, {""sold_at"": ""2026-01-30"", ""price_aud"": 18530.0, ""odometer_km"": 159168, ""match_quality"": 0.7}, {""sold_at"": ""2026-01-25"", ""price_aud"": 19880.0, ""odometer_km"": 149613, ""match_quality"": 0.63}]",15750.0,1447.0,21020.0,2026-03-07
Toyota,Camry,Ascent,2020,104491,medium,partial,good,none,worn,1,current,15030.0,16950.0,"[{""sold_at"": ""2025-10-07"", ""price_aud"": 14680.0, ""odometer_km"": 108495, ""match_quality"": 0.89}, {""sold_at"": ""2025-09-19"", ""price_aud"": 16200.0, ""odometer_km"": 106359, ""match_quality"": 0.76}, {""sold_at"": ""2025-11-23"", ""price_aud"": 16410.0, ""odometer_km"": 107057, ""match_quality"": 0.62}, {""sold_at"": ""2025-09-10"", ""price_aud"": 14740.0, ""odometer_km"": 90937, ""match_quality"": 0.96}, {""sold_at"": ""2025-11-09"", ""price_aud"": 16140.0, ""odometer_km"": 91451, ""match_quality"": 0.71}]",12380.0,1172.0,17070.0,2026-01-23
Kia,Cerato,GT,2016,154791,small,partial,poor,none,good,2,current,6610.0,7450.0,"[{""sold_at"": ""2025-05-09"", ""price_aud"": 7510.0, ""odometer_km"": 181742, ""match_quality"": 0.73}, {""sold_at"": ""2025-06-27"", ""price_aud"": 6550.0, ""odometer_km"": 181810, ""match_quality"": 0.75}, {""sold_at"": ""2025-05-20"", ""price_aud"": 6900.0, ""odometer_km"": 191685, ""match_quality"": 0.66}, {""sold_at"": ""2025-06-26"", ""price_aud"": 7260.0, ""odometer_km"": 177962, ""match_quality"": 0.84}]",990.0,3923.0,,2025-09-14
Mitsubishi,Outlander,Exceed,2017,97179,suv,full,excellent,none,new,2,current,10710.0,12070.0,"[{""sold_at"": ""2025-05-06"", ""price_aud"": 12150.0, ""odometer_km"": 101425, ""match_quality"": 0.81}, {""sold_at"": ""2025-02-14"", ""price_aud"": 11510.0, ""odometer_km"": 110926, ""match_quality"": 0.83}, {""sold_at"": ""2025-02-14"", ""price_aud"": 12080.0, ""odometer_km"": 112713, ""match_quality"": 0.7}]",9760.0,450.0,12650.0,2025-05-21
Toyota,Landcruiser Prado,VX,2016,189707,suv,full,excellent,none,worn,2,expired,15550.0,17530.0,"[{""sold_at"": ""2025-03-19"", ""price_aud"": 17530.0, ""odometer_km"": 164861, ""match_quality"": 0.84}, {""sold_at"": ""2025-06-03"", ""price_aud"": 15070.0, ""odometer_km"": 206119, ""match_quality"": 0.96}, {""sold_at"": ""2025-05-26"", ""price_aud"": 16680.0, ""odometer_km"": 201649, ""match_quality"": 0.96}, {""sold_at"": ""2025-06-08"", ""price_aud"": 18110.0, ""odometer_km"": 144335, ""match_quality"": 0.96}, {""sold_at"": ""2025-04-02"", ""price_aud"": 16980.0, ""odometer_km"": 232684, ""match_quality"": 0.76}]",11430.0,2057.0,,2025-07-14
Hyundai,Tucson,Highlander,2025,15205,suv,none,good,WL:check engine light,good,2,current,26200.0,29540.0,"[{""sold_at"": ""2025-04-21"", ""price_aud"": 27390.0, ""odometer_km"": 17478, ""match_quality"": 0.86}, {""sold_at"": ""2025-06-10"", ""price_aud"": 27640.0, ""odometer_km"": 14270, ""match_quality"": 0.8}, {""sold_at"": ""2025-05-14"", ""price_aud"": 30200.0, ""odometer_km"": 12576, ""match_quality"": 0.81}]",20240.0,1259.0,33110.0,2025-07-31
Nissan,Navara,SL,2018,174082,ute,none,fair,none,replace,2,current,13310.0,15010.0,"[{""sold_at"": ""2025-09-25"", ""price_aud"": 13810.0, ""odometer_km"": 132439, ""match_quality"": 0.69}, {""sold_at"": ""2025-09-09"", ""price_aud"": 14990.0, ""odometer_km"": 212012, ""match_quality"": 0.89}, {""sold_at"": ""2025-07-02"", ""price_aud"": 14700.0, ""odometer_km"": 187447, ""match_quality"": 0.81}, {""sold_at"": ""2025-09-06"", ""price_aud"": 13870.0, ""odometer_km"": 171030, ""match_quality"": 0.83}]",9100.0,2330.0,16830.0,2025-11-13
Toyota,Camry,Ascent,2023,45143,medium,partial,fair,WL:check engine light,good,2,current,21790.0,24570.0,"[{""sold_at"": ""2024-11-18"", ""price_aud"": 21640.0, ""odometer_km"": 42783, ""match_quality"": 0.76}, {""sold_at"": ""2025-02-16"", ""price_aud"": 23160.0, ""odometer_km"": 40141, ""match_quality"": 0.97}, {""sold_at"": ""2025-02-01"", ""price_aud"": 23490.0, ""odometer_km"": 52926, ""match_quality"": 0.91}, {""sold_at"": ""2025-03-18"", ""price_aud"": 24250.0, ""odometer_km"": 41443, ""match_quality"": 0.66}, {""sold_at"": ""2025-02-02"", ""price_aud"": 22030.0, ""odometer_km"": 42530, ""match_quality"": 0.83}, {""sold_at"": ""2025-04-05"", ""price_aud"": 21550.0, ""odometer_km"": 36797, ""match_quality"": 0.7}]",16000.0,1971.0,25120.0,2025-04-13
Ford,Ranger,XL,2018,125620,ute,partial,excellent,none,good,1,current,16670.0,18790.0,"[{""sold_at"": ""2025-08-19"", ""price_aud"": 18970.0, ""odometer_km"": 102972, ""match_quality"": 0.68}, {""sold_at"": ""2025-07-10"", ""price_aud"": 17220.0, ""odometer_km"": 146887, ""match_quality"": 0.69}, {""sold_at"": ""2025-09-13"", ""price_aud"": 17190.0, ""odometer_km"": 127841, ""match_quality"": 0.64}]",15040.0,1027.0,19490.0,2025-10-24
Honda,CR-V,VTi,2024,19608,suv,full,good,none,good,1,expired,24740.0,27900.0,"[{""sold_at"": ""2025-03-13"", ""price_aud"": 26360.0, ""odometer_km"": 15897, ""match_quality"": 0.96}, {""sold_at"": ""2025-05-27"", ""price_aud"": 28000.0, ""odometer_km"": 18468, ""match_quality"": 0.97}, {""sold_at"": ""2025-06-16"", ""price_aud"": 27970.0, ""odometer_km"": 20376, ""match_quality"": 0.89}, {""sold_at"": ""2025-06-20"", ""price_aud"": 27940.0, ""odometer_km"": 24374, ""match_quality"": 0.83}]",21300.0,1516.0,27800.0,2025-07-25
Toyota,Landcruiser Prado,VX,2025,11582,suv,partial,poor,aircon weak,good,2,current,47340.0,53380.0,"[{""sold_at"": ""2025-05-24"", ""price_aud"": 53610.0, ""odometer_km"": 11805, ""match_quality"": 0.97}, {""sold_at"": ""2025-07-01"", ""price_aud"": 46270.0, ""odometer_km"": 12613, ""match_quality"": 0.62}, {""sold_at"": ""2025-05-16"", ""price_aud"": 53720.0, ""odometer_km"": 9779, ""match_quality"": 0.67}, {""sold_at"": ""2025-04-26"", ""price_aud"": 47240.0, ""odometer_km"": 11638, ""match_quality"": 0.81}]",37390.0,2138.0,,2025-09-06
Honda,Civic,VTi-S,2016,142055,small,full,fair,none,good,2,current,7870.0,8870.0,"[{""sold_at"": ""2026-04-10"", ""price_aud"": 7980.0, ""odometer_km"": 131556, ""match_quality"": 0.98}, {""sold_at"": ""2026-07-07"", ""price_aud"": 8460.0, ""odometer_km"": 171166, ""match_quality"": 0.79}, {""sold_at"": ""2026-04-01"", ""price_aud"": 8040.0, ""odometer_km"": 159737, ""match_quality"": 0.92}, {""sold_at"": ""2026-02-27"", ""price_aud"": 8960.0, ""odometer_km"": 126271, ""match_quality"": 0.95}, {""sold_at"": ""2026-04-18"", ""price_aud"": 8230.0, ""odometer_km"": 177480, ""match_quality"": 0.92}]",5270.0,2730.0,8810.0,2026-07-24
Audi,A4,40 TFSI,2020,97404,prestige,partial,poor,none,worn,2,current,25320.0,28560.0,"[{""sold_at"": ""2026-01-09"", ""price_aud"": 29150.0, ""odometer_km"": 90627, ""match_quality"": 0.66}, {""sold_at"": ""2026-01-13"", ""price_aud"": 27420.0, ""odometer_km"": 92727, ""match_quality"": 0.95}, {""sold_at"": ""2025-11-04"", ""price_aud"": 28670.0, ""odometer_km"": 121543, ""match_quality"": 0.94}]",19700.0,5147.0,31180.0,2026-02-24
BMW,3 Series,320i,2019,105915,prestige,none,good,none,good,2,current,24380.0,27500.0,"[{""sold_at"": ""2026-01-07"", ""price_aud"": 27090.0, ""odometer_km"": 81931, ""match_quality"": 0.8}, {""sold_at"": ""2026-01-25"", ""price_aud"": 27610.0, ""odometer_km"": 83414, ""match_quality"": 0.73}, {""sold_at"": ""2026-01-02"", ""price_aud"": 27800.0, ""odometer_km"": 86493, ""match_quality"": 0.78}]",20290.0,619.0,28630.0,2026-03-23
Holden,Commodore,SS,2017,94277,large,none,good,none,worn,2,unregistered,10730.0,12110.0,"[{""sold_at"": ""2025-03-06"", ""price_aud"": 11320.0, ""odometer_km"": 107542, ""match_quality"": 0.74}, {""sold_at"": ""2025-01-17"", ""price_aud"": 11040.0, ""odometer_km"": 116150, ""match_quality"": 0.89}, {""sold_at"": ""2025-03-18"", ""price_aud"": 12390.0, ""odometer_km"": 100659, ""match_quality"": 0.61}]",7220.0,3278.0,,2025-05-18
Toyota,Camry,Ascent,2015,177907,medium,full,fair,none,new,1,current,8410.0,9490.0,"[{""sold_at"": ""2025-07-17"", ""price_aud"": 8710.0, ""odometer_km"": 176780, ""match_quality"": 0.97}, {""sold_at"": ""2025-07-28"", ""price_aud"": 9540.0, ""odometer_km"": 185218, ""match_quality"": 0.74}, {""sold_at"": ""2025-07-31"", ""price_aud"": 8400.0, ""odometer_km"": 179172, ""match_quality"": 0.8}, {""sold_at"": ""2025-06-24"", ""price_aud"": 9240.0, ""odometer_km"": 217032, ""match_quality"": 0.94}, {""sold_at"": ""2025-07-23"", ""price_aud"": 9140.0, ""odometer_km"": 148141, ""match_quality"": 0.71}, {""sold_at"": ""2025-07-04"", ""price_aud"": 8590.0, ""odometer_km"": 201474, ""match_quality"": 0.76}]",6900.0,811.0,10550.0,2025-11-20
Honda,CR-V,VTi-L,2022,97322,suv,full,fair,none,good,2,unregistered,18310.0,20650.0,"[{""sold_at"": ""2025-09-24"", ""price_aud"": 18740.0, ""odometer_km"": 115713, ""match_quality"": 0.93}, {""sold_at"": ""2025-12-07"", ""price_aud"": 18340.0, ""odometer_km"": 76968, ""match_quality"": 0.65}, {""sold_at"": ""2025-12-03"", ""price_aud"": 18030.0, ""odometer_km"": 106604, ""match_quality"": 0.98}, {""sold_at"": ""2025-09-23"", ""price_aud"": 18440.0, ""odometer_km"": 119822, ""match_quality"": 0.88}, {""sold_at"": ""2025-11-03"", ""price_aud"": 20480.0, ""odometer_km"": 109816, ""match_quality"": 0.9}]",14800.0,2480.0,23520.0,2025-12-24
Ford,Focus,Trend,2016,192851,small,partial,good,none,good,2,current,6230.0,7030.0,"[{""sold_at"": ""2025-12-22"", ""price_aud"": 6630.0, ""odometer_km"": 209749, ""match_quality"": 0.61}, {""sold_at"": ""2026-01-10"", ""price_aud"": 6550.0, ""odometer_km"": 177605, ""match_quality"": 0.92}, {""sold_at"": ""2025-12-10"", ""price_aud"": 6390.0, ""odometer_km"": 202856, ""match_quality"": 0.83}, {""sold_at"": ""2026-01-30"", ""price_aud"": 7040.0, ""odometer_km"": 208536, ""match_quality"": 0.77}, {""sold_at"": ""2026-01-25"", ""price_aud"": 6960.0, ""odometer_km"": 206225, ""match_quality"": 0.65}]",4060.0,1231.0,8060.0,2026-04-19
Tesla,Model 3,Performance,2019,93184,prestige,partial,good,none,good,1,current,21410.0,24150.0,"[{""sold_at"": ""2025-12-14"", ""price_aud"": 20750.0, ""odometer_km"": 71512, ""match_quality"": 0.74}, {""sold_at"": ""2025-12-26"", ""price_aud"": 23290.0, ""odometer_km"": 95934, ""match_quality"": 0.79}, {""sold_at"": ""2025-10-23"", ""price_aud"": 21850.0, ""odometer_km"": 95544, ""match_quality"": 0.7}]",17050.0,1079.0,,2026-01-04
Mazda,CX-5,Maxx,2023,43892,suv,partial,good,none,new,1,current,21820.0,24600.0,"[{""sold_at"": ""2026-01-08"", ""price_aud"": 21440.0, ""odometer_km"": 37360, ""match_quality"": 0.9}, {""sold_at"": ""2026-01-26"", ""price_aud"": 21290.0, ""odometer_km"": 50174, ""match_quality"": 0.9}, {""sold_at"": ""2025-12-13"", ""price_aud"": 24200.0, ""odometer_km"": 44489, ""match_quality"": 0.95}, {""sold_at"": ""2026-02-16"", ""price_aud"": 24250.0, ""odometer_km"": 49706, ""match_quality"": 0.73}]",17460.0,1227.0,,2026-03-01
Mercedes-Benz,C-Class,C200,2024,27701,prestige,partial,fair,none,good,2,current,46760.0,52720.0,"[{""sold_at"": ""2025-11-18"", ""price_aud"": 50060.0, ""odometer_km"": 33528, ""match_quality"": 0.97}, {""sold_at"": ""2025-10-25"", ""price_aud"": 48840.0, ""odometer_km"": 25822, ""match_quality"": 0.73}, {""sold_at"": ""2025-09-29"", ""price_aud"": 49850.0, ""odometer_km"": 25904, ""match_quality"": 0.72}, {""sold_at"": ""2025-11-11"", ""price_aud"": 50400.0, ""odometer_km"": 32847, ""match_quality"": 0.88}, {""sold_at"": ""2025-12-20"", ""price_aud"": 46430.0, ""odometer_km"": 29707, ""match_quality"": 0.66}, {""sold_at"": ""2025-12-17"", ""price_aud"": 45560.0, ""odometer_km"": 29252, ""match_quality"": 0.69}]",41970.0,892.0,,2026-02-01
Hyundai,i30,Elite,2016,98799,small,full,good,none,good,1,current,7240.0,8160.0,"[{""sold_at"": ""2025-01-06"", ""price_aud"": 7900.0, ""odometer_km"": 106991, ""match_quality"": 0.74}, {""sold_at"": ""2025-04-14"", ""price_aud"": 7210.0, ""odometer_km"": 92646, ""match_quality"": 0.99}, {""sold_at"": ""2025-03-22"", ""price_aud"": 7030.0, ""odometer_km"": 115483, ""match_quality"": 0.72}, {""sold_at"": ""2024-12-21"", ""price_aud"": 7550.0, ""odometer_km"": 91870, ""match_quality"": 0.62}, {""sold_at"": ""2025-03-01"", ""price_aud"": 8000.0, ""odometer_km"": 74436, ""match_quality"": 0.64}]",5330.0,710.0,,2025-05-19
Toyota,Hilux,Rogue,2017,157267,ute,none,excellent,none,good,2,current,13710.0,15470.0,"[{""sold_at"": ""2026-03-06"", ""price_aud"": 14550.0, ""odometer_km"": 132414, ""match_quality"": 0.91}, {""sold_at"": ""2026-03-26"", ""price_aud"": 14910.0, ""odometer_km"": 171261, ""match_quality"": 0.95}, {""sold_at"": ""2026-03-25"", ""price_aud"": 14420.0, ""odometer_km"": 169532, ""match_quality"": 0.84}]",9170.0,2183.0,,2026-04-21
Nissan,Navara,ST-X,2015,186029,ute,full,excellent,none,new,2,current,9890.0,11150.0,"[{""sold_at"": ""2025-07-01"", ""price_aud"": 10180.0, ""odometer_km"": 218683, ""match_quality"": 0.7}, {""sold_at"": ""2025-08-11"", ""price_aud"": 9510.0, ""odometer_km"": 156285, ""match_quality"": 0.73}, {""sold_at"": ""2025-08-13"", ""price_aud"": 10020.0, ""odometer_km"": 215557, ""match_quality"": 0.95}]",9190.0,488.0,11340.0,2025-11-06
Hyundai,i30,Elite,2015,266779,small,partial,good,none,replace,2,current,5190.0,5850.0,"[{""sold_at"": ""2026-03-03"", ""price_aud"": 5360.0, ""odometer_km"": 299387, ""match_quality"": 0.88}, {""sold_at"": ""2026-04-24"", ""price_aud"": 5410.0, ""odometer_km"": 260009, ""match_quality"": 0.93}, {""sold_at"": ""2026-04-11"", ""price_aud"": 5010.0, ""odometer_km"": 285415, ""match_quality"": 0.63}]",2940.0,1419.0,6250.0,2026-06-17
Hyundai,Tucson,Highlander,2023,49856,suv,full,good,WL:check engine light,good,2,current,20600.0,23240.0,"[{""sold_at"": ""2025-11-07"", ""price_aud"": 21670.0, ""odometer_km"": 59120, ""match_quality"": 0.68}, {""sold_at"": ""2025-10-26"", ""price_aud"": 21670.0, ""odometer_km"": 58155, ""match_quality"": 0.98}, {""sold_at"": ""2025-07-07"", ""price_aud"": 21210.0, ""odometer_km"": 57538, ""match_quality"": 0.83}, {""sold_at"": ""2025-07-30"", ""price_aud"": 19760.0, ""odometer_km"": 43224, ""match_quality"": 0.95}, {""sold_at"": ""2025-11-14"", ""price_aud"": 21670.0, ""odometer_km"": 41468, ""match_quality"": 0.68}]",16040.0,2107.0,23530.0,2025-12-04
Toyota,Landcruiser Prado,VX,2020,56640,suv,full,good,none,replace,2,current,27220.0,30700.0,"[{""sold_at"": ""2026-04-13"", ""price_aud"": 27700.0, ""odometer_km"": 46858, ""match_quality"": 0.6}, {""sold_at"": ""2026-03-09"", ""price_aud"": 26750.0, ""odometer_km"": 53242, ""match_quality"": 0.86}, {""sold_at"": ""2026-04-20"", ""price_aud"": 29640.0, ""odometer_km"": 54928, ""match_quality"": 0.93}, {""sold_at"": ""2026-02-11"", ""price_aud"": 28170.0, ""odometer_km"": 48325, ""match_quality"": 0.63}, {""sold_at"": ""2026-05-08"", ""price_aud"": 26630.0, ""odometer_km"": 53455, ""match_quality"": 0.78}]",21090.0,1560.0,,2026-06-09
Toyota,Camry,Ascent,2024,38465,medium,partial,good,none,good,1,expired,24180.0,27260.0,"[{""sold_at"": ""2025-09-15"", ""price_aud"": 23420.0, ""odometer_km"": 37855, ""match_quality"": 0.97}, {""sold_at"": ""2025-08-26"", ""price_aud"": 24850.0, ""odometer_km"": 30695, ""match_quality"": 0.76}, {""sold_at"": ""2025-09-05"", ""price_aud"": 27690.0, ""odometer_km"": 40649, ""match_quality"": 0.94}]",20080.0,1698.0,27610.0,2025-12-28
Mazda,3,G20 Pure,2018,212084,small,full,fair,none,good,1,current,8240.0,9300.0,"[{""sold_at"": ""2025-03-27"", ""price_aud"": 8750.0, ""odometer_km"": 206290, ""match_quality"": 0.9}, {""sold_at"": ""2025-04-18"", ""price_aud"": 9020.0, ""odometer_km"": 200097, ""match_quality"": 0.94}, {""sold_at"": ""2025-04-21"", ""price_aud"": 8200.0, ""odometer_km"": 210954, ""match_quality"": 0.78}]",6300.0,1053.0,9680.0,2025-07-09
BMW,3 Series,330i,2022,81971,prestige,full,good,none,good,2,current,33500.0,37780.0,"[{""sold_at"": ""2025-09-06"", ""price_aud"": 37640.0, ""odometer_km"": 98582, ""match_quality"": 0.9}, {""sold_at"": ""2025-06-27"", ""price_aud"": 35070.0, ""odometer_km"": 62696, ""match_quality"": 0.74}, {""sold_at"": ""2025-06-07"", ""price_aud"": 33570.0, ""odometer_km"": 98459, ""match_quality"": 1.0}, {""sold_at"": ""2025-07-24"", ""price_aud"": 34310.0, ""odometer_km"": 102277, ""match_quality"": 0.75}]",30870.0,775.0,43290.0,2025-09-24
Kia,Cerato,S,2024,26543,small,partial,fair,none,worn,2,current,16970.0,19130.0,"[{""sold_at"": ""2025-02-19"", ""price_aud"": 19100.0, ""odometer_km"": 30762, ""match_quality"": 0.67}, {""sold_at"": ""2025-04-09"", ""price_aud"": 16770.0, ""odometer_km"": 25706, ""match_quality"": 0.82}, {""sold_at"": ""2025-02-22"", ""price_aud"": 19760.0, ""odometer_km"": 32411, ""match_quality"": 0.68}]",12580.0,1189.0,21920.0,2025-07-10
Toyota,Kluger,Grande,2022,51825,suv,full,fair,WL:check engine light,good,1,current,27010.0,30450.0,"[{""sold_at"": ""2026-04-30"", ""price_aud"": 28920.0, ""odometer_km"": 53504, ""match_quality"": 0.66}, {""sold_at"": ""2026-03-03"", ""price_aud"": 29930.0, ""odometer_km"": 46125, ""match_quality"": 0.9}, {""sold_at"": ""2026-05-18"", ""price_aud"": 28060.0, ""odometer_km"": 39641, ""match_quality"": 0.78}]",20870.0,1954.0,34060.0,2026-06-08
Holden,Commodore,Evoke,2019,96546,large,partial,good,none,good,2,current,13130.0,14810.0,"[{""sold_at"": ""2026-05-10"", ""price_aud"": 12970.0, ""odometer_km"": 90341, ""match_quality"": 0.74}, {""sold_at"": ""2026-04-13"", ""price_aud"": 13720.0, ""odometer_km"": 90176, ""match_quality"": 0.82}, {""sold_at"": ""2026-05-29"", ""price_aud"": 13120.0, ""odometer_km"": 79400, ""match_quality"": 0.7}, {""sold_at"": ""2026-05-20"", ""price_aud"": 14440.0, ""odometer_km"": 94458, ""match_quality"": 0.85}, {""sold_at"": ""2026-02-25"", ""price_aud"": 12840.0, ""odometer_km"": 80727, ""match_quality"": 0.93}, {""sold_at"": ""2026-03-08"", ""price_aud"": 12590.0, ""odometer_km"": 93175, ""match_quality"": 0.91}]",10400.0,954.0,16240.0,2026-07-25
Audi,A4,40 TFSI,2021,80399,prestige,partial,good,aircon weak,good,2,current,28540.0,32180.0,"[{""sold_at"": ""2026-04-15"", ""price_aud"": 28110.0, ""odometer_km"": 71885, ""match_quality"": 0.79}, {""sold_at"": ""2026-07-11"", ""price_aud"": 30260.0, ""odometer_km"": 90457, ""match_quality"": 0.99}, {""sold_at"": ""2026-03-29"", ""price_aud"": 27880.0, ""odometer_km"": 82171, ""match_quality"": 0.8}]",22030.0,1114.0,33910.0,2026-07-22
Mitsubishi,Triton,GLX+,2023,27391,ute,partial,good,none,replace,2,current,25350.0,28590.0,"[{""sold_at"": ""2025-03-14"", ""price_aud"": 29040.0, ""odometer_km"": 23226, ""match_quality"": 0.88}, {""sold_at"": ""2025-03-19"", ""price_aud"": 24290.0, ""odometer_km"": 26457, ""match_quality"": 0.99}, {""sold_at"": ""2025-03-18"", ""price_aud"": 25930.0, ""odometer_km"": 28916, ""match_quality"": 0.83}, {""sold_at"": ""2024-11-18"", ""price_aud"": 25880.0, ""odometer_km"": 29144, ""match_quality"": 0.87}, {""sold_at"": ""2025-04-03"", ""price_aud"": 25770.0, ""odometer_km"": 29040, ""match_quality"": 0.78}]",19780.0,1352.0,32770.0,2025-04-15
Volkswagen,Golf,R-Line,2022,46078,small,full,fair,none,good,2,current,16860.0,19020.0,"[{""sold_at"": ""2026-01-12"", ""price_aud"": 18840.0, ""odometer_km"": 39642, ""match_quality"": 0.61}, {""sold_at"": ""2026-04-07"", ""price_aud"": 17920.0, ""odometer_km"": 53481, ""match_quality"": 0.65}, {""sold_at"": ""2026-02-11"", ""price_aud"": 17080.0, ""odometer_km"": 53884, ""match_quality"": 0.92}, {""sold_at"": ""2025-12-27"", ""price_aud"": 19300.0, ""odometer_km"": 37750, ""match_quality"": 0.8}, {""sold_at"": ""2026-04-09"", ""price_aud"": 19730.0, ""odometer_km"": 54162, ""match_quality"": 0.78}, {""sold_at"": ""2025-12-20"", ""price_aud"": 19410.0, ""odometer_km"": 47045, ""match_quality"": 0.65}]",14900.0,1762.0,20740.0,2026-05-19
Toyota,RAV4,GX,2022,56978,suv,partial,excellent,WL:abs; rear brakes,good,1,current,20850.0,23510.0,"[{""sold_at"": ""2026-02-23"", ""price_aud"": 22670.0, ""odometer_km"": 57825, ""match_quality"": 0.84}, {""sold_at"": ""2026-03-07"", ""price_aud"": 20800.0, ""odometer_km"": 44315, ""match_quality"": 0.65}, {""sold_at"": ""2026-03-08"", ""price_aud"": 20480.0, ""odometer_km"": 57826, ""match_quality"": 0.9}, {""sold_at"": ""2026-01-26"", ""price_aud"": 20680.0, ""odometer_km"": 47012, ""match_quality"": 0.95}, {""sold_at"": ""2026-02-24"", ""price_aud"": 22200.0, ""odometer_km"": 68322, ""match_quality"": 0.94}, {""sold_at"": ""2025-11-27"", ""price_aud"": 21150.0, ""odometer_km"": 46570, ""match_quality"": 0.83}]",13770.0,3530.0,26810.0,2026-03-23
Toyota,Corolla,Ascent Sport,2021,60945,small,partial,good,none,worn,1,current,13340.0,15040.0,"[{""sold_at"": ""2025-08-02"", ""price_aud"": 15360.0, ""odometer_km"": 75888, ""match_quality"": 0.92}, {""sold_at"": ""2025-10-13"", ""price_aud"": 15070.0, ""odometer_km"": 47517, ""match_quality"": 0.63}, {""sold_at"": ""2025-08-18"", ""price_aud"": 13680.0, ""odometer_km"": 52340, ""match_quality"": 0.7}, {""sold_at"": ""2025-07-30"", ""price_aud"": 13850.0, ""odometer_km"": 60262, ""match_quality"": 0.89}, {""sold_at"": ""2025-12-10"", ""price_aud"": 14110.0, ""odometer_km"": 53708, ""match_quality"": 0.92}]",8610.0,2424.0,15220.0,2025-12-15
Mitsubishi,Outlander,ES,2021,63236,suv,full,excellent,none,worn,2,current,16640.0,18760.0,"[{""sold_at"": ""2025-07-22"", ""price_aud"": 17690.0, ""odometer_km"": 69775, ""match_quality"": 0.98}, {""sold_at"": ""2025-05-18"", ""price_aud"": 17350.0, ""odometer_km"": 78153, ""match_quality"": 0.93}, {""sold_at"": ""2025-08-30"", ""price_aud"": 18140.0, ""odometer_km"": 77317, ""match_quality"": 0.66}]",12380.0,1499.0,20510.0,2025-09-10
Mazda,3,G20 Pure,2024,28375,small,partial,good,none,worn,2,current,19270.0,21730.0,"[{""sold_at"": ""2025-12-24"", ""price_aud"": 20310.0, ""odometer_km"": 31925, ""match_quality"": 0.71}, {""sold_at"": ""2026-03-07"", ""price_aud"": 20120.0, ""odometer_km"": 35055, ""match_quality"": 0.61}, {""sold_at"": ""2026-02-23"", ""price_aud"": 21630.0, ""odometer_km"": 29227, ""match_quality"": 0.76}]",16290.0,1869.0,22840.0,2026-04-02
Toyota,Camry,Ascent,2021,104995,medium,full,excellent,aircon weak,worn,1,current,16490.0,18590.0,"[{""sold_at"": ""2025-07-16"", ""price_aud"": 18790.0, ""odometer_km"": 87730, ""match_quality"": 0.85}, {""sold_at"": ""2025-05-26"", ""price_aud"": 16660.0, ""odometer_km"": 110402, ""match_quality"": 1.0}, {""sold_at"": ""2025-08-13"", ""price_aud"": 16880.0, ""odometer_km"": 130850, ""match_quality"": 0.93}, {""sold_at"": ""2025-07-17"", ""price_aud"": 18290.0, ""odometer_km"": 109604, ""match_quality"": 0.86}, {""sold_at"": ""2025-08-04"", ""price_aud"": 18850.0, ""odometer_km"": 119952, ""match_quality"": 0.66}]",11640.0,3087.0,19020.0,2025-10-12
Toyota,Landcruiser Prado,GXL,2023,68464,suv,full,good,aircon weak,good,2,current,36050.0,40650.0,"[{""sold_at"": ""2025-03-13"", ""price_aud"": 35150.0, ""odometer_km"": 53759, ""match_quality"": 0.69}, {""sold_at"": ""2025-01-24"", ""price_aud"": 38070.0, ""odometer_km"": 79692, ""match_quality"": 0.78}, {""sold_at"": ""2025-04-26"", ""price_aud"": 38030.0, ""odometer_km"": 69845, ""match_quality"": 0.68}, {""sold_at"": ""2025-04-06"", ""price_aud"": 36880.0, ""odometer_km"": 69114, ""match_quality"": 0.72}, {""sold_at"": ""2025-03-21"", ""price_aud"": 36540.0, ""odometer_km"": 63310, ""match_quality"": 0.71}, {""sold_at"": ""2025-05-31"", ""price_aud"": 41220.0, ""odometer_km"": 72807, ""match_quality"": 0.94}]",29830.0,2267.0,44580.0,2025-06-12
Toyota,Kluger,GX,2018,106007,suv,partial,fair,none,good,2,current,17040.0,19220.0,"[{""sold_at"": ""2025-08-15"", ""price_aud"": 16370.0, ""odometer_km"": 86773, ""match_quality"": 0.97}, {""sold_at"": ""2025-08-10"", ""price_aud"": 18190.0, ""odometer_km"": 93337, ""match_quality"": 0.76}, {""sold_at"": ""2025-04-14"", ""price_aud"": 17330.0, ""odometer_km"": 93229, ""match_quality"": 0.82}, {""sold_at"": ""2025-05-20"", ""price_aud"": 18240.0, ""odometer_km"": 107770, ""match_quality"": 0.71}]",12820.0,1410.0,21820.0,2025-09-05
Mazda,3,G20 Evolve,2023,49340,small,partial,excellent,none,good,2,current,17010.0,19190.0,"[{""sold_at"": ""2026-02-18"", ""price_aud"": 17080.0, ""odometer_km"": 44509, ""match_quality"": 0.75}, {""sold_at"": ""2025-12-15"", ""price_aud"": 19580.0, ""odometer_km"": 37569, ""match_quality"": 0.83}, {""sold_at"": ""2026-01-12"", ""price_aud"": 18230.0, ""odometer_km"": 55272, ""match_quality"": 0.95}, {""sold_at"": ""2026-01-02"", ""price_aud"": 16610.0, ""odometer_km"": 48857, ""match_quality"": 0.62}, {""sold_at"": ""2025-11-18"", ""price_aud"": 19510.0, ""odometer_km"": 37371, ""match_quality"": 0.92}]",15520.0,982.0,20470.0,2026-03-06
Toyota,Landcruiser Prado,Kakadu,2018,121880,suv,none,good,none,worn,1,current,20800.0,23460.0,"[{""sold_at"": ""2025-07-04"", ""price_aud"": 21070.0, ""odometer_km"": 116034, ""match_quality"": 0.75}, {""sold_at"": ""2025-06-03"", ""price_aud"": 20930.0, ""odometer_km"": 146392, ""match_quality"": 0.95}, {""sold_at"": ""2025-09-09"", ""price_aud"": 22960.0, ""odometer_km"": 127964, ""match_quality"": 0.92}, {""sold_at"": ""2025-10-06"", ""price_aud"": 20030.0, ""odometer_km"": 144750, ""match_quality"": 0.8}]",18680.0,1916.0,25670.0,2025-10-30
Mazda,CX-5,Touring,2022,55324,suv,full,fair,none,good,1,current,19490.0,21970.0,"[{""sold_at"": ""2026-01-21"", ""price_aud"": 19850.0, ""odometer_km"": 42179, ""match_quality"": 0.63}, {""sold_at"": ""2025-10-12"", ""price_aud"": 21400.0, ""odometer_km"": 47548, ""match_quality"": 0.9}, {""sold_at"": ""2026-01-08"", ""price_aud"": 20550.0, ""odometer_km"": 52526, ""match_quality"": 0.93}, {""sold_at"": ""2025-10-28"", ""price_aud"": 22250.0, ""odometer_km"": 60250, ""match_quality"": 0.87}, {""sold_at"": ""2026-01-25"", ""price_aud"": 20990.0, ""odometer_km"": 57053, ""match_quality"": 0.97}]",13920.0,2547.0,22860.0,2026-02-25
Subaru,Forester,2.5i-L,2022,66339,suv,full,fair,none,good,2,current,18750.0,21150.0,"[{""sold_at"": ""2025-08-20"", ""price_aud"": 21920.0, ""odometer_km"": 57448, ""match_quality"": 0.76}, {""sold_at"": ""2025-08-15"", ""price_aud"": 19230.0, ""odometer_km"": 64819, ""match_quality"": 0.93}, {""sold_at"": ""2025-05-17"", ""price_aud"": 18600.0, ""odometer_km"": 77534, ""match_quality"": 0.69}, {""sold_at"": ""2025-07-25"", ""price_aud"": 20640.0, ""odometer_km"": 81970, ""match_quality"": 0.78}, {""sold_at"": ""2025-09-18"", ""price_aud"": 20370.0, ""odometer_km"": 73469, ""match_quality"": 0.76}, {""sold_at"": ""2025-05-21"", ""price_aud"": 19650.0, ""odometer_km"": 64437, ""match_quality"": 0.83}]",12060.0,3337.0,22370.0,2025-10-03
Audi,A4,40 TFSI,2021,90038,prestige,partial,good,none,good,1,current,28120.0,31720.0,"[{""sold_at"": ""2025-02-20"", ""price_aud"": 30190.0, ""odometer_km"": 107430, ""match_quality"": 0.88}, {""sold_at"": ""2025-05-12"", ""price_aud"": 28510.0, ""odometer_km"": 105894, ""match_quality"": 0.63}, {""sold_at"": ""2025-03-31"", ""price_aud"": 27890.0, ""odometer_km"": 112380, ""match_quality"": 0.92}, {""sold_at"": ""2025-05-05"", ""price_aud"": 29860.0, ""odometer_km"": 74702, ""match_quality"": 0.79}, {""sold_at"": ""2025-05-13"", ""price_aud"": 27840.0, ""odometer_km"": 84832, ""match_quality"": 0.67}]",18520.0,4722.0,35410.0,2025-07-13
Toyota,Camry,Ascent Sport,2019,138348,medium,partial,good,none,worn,1,expired,12990.0,14650.0,"[{""sold_at"": ""2026-03-28"", ""price_aud"": 13630.0, ""odometer_km"": 166365, ""match_quality"": 0.9}, {""sold_at"": ""2026-05-08"", ""price_aud"": 12950.0, ""odometer_km"": 163043, ""match_quality"": 0.73}, {""sold_at"": ""2026-04-16"", ""price_aud"": 15110.0, ""odometer_km"": 108414, ""match_quality"": 0.84}, {""sold_at"": ""2026-04-25"", ""price_aud"": 14030.0, ""odometer_km"": 170905, ""match_quality"": 0.66}, {""sold_at"": ""2026-06-16"", ""price_aud"": 13910.0, ""odometer_km"": 136774, ""match_quality"": 0.88}]",9510.0,1867.0,14890.0,2026-07-20
Mazda,3,G20 Pure,2019,129747,small,partial,good,none,good,1,current,10350.0,11670.0,"[{""sold_at"": ""2025-05-13"", ""price_aud"": 11890.0, ""odometer_km"": 102573, ""match_quality"": 0.84}, {""sold_at"": ""2025-08-09"", ""price_aud"": 11930.0, ""odometer_km"": 133390, ""match_quality"": 0.79}, {""sold_at"": ""2025-07-30"", ""price_aud"": 10110.0, ""odometer_km"": 101536, ""match_quality"": 0.67}, {""sold_at"": ""2025-07-26"", ""price_aud"": 11500.0, ""odometer_km"": 123406, ""match_quality"": 0.82}, {""sold_at"": ""2025-07-06"", ""price_aud"": 11450.0, ""odometer_km"": 153098, ""match_quality"": 0.87}]",8170.0,1044.0,12430.0,2025-09-18
Toyota,RAV4,GX,2020,129584,suv,full,fair,none,new,2,expired,15480.0,17460.0,"[{""sold_at"": ""2026-05-21"", ""price_aud"": 16750.0, ""odometer_km"": 141478, ""match_quality"": 0.94}, {""sold_at"": ""2026-05-10"", ""price_aud"": 16220.0, ""odometer_km"": 144859, ""match_quality"": 0.94}, {""sold_at"": ""2026-05-30"", ""price_aud"": 14860.0, ""odometer_km"": 157723, ""match_quality"": 0.82}, {""sold_at"": ""2026-02-19"", ""price_aud"": 17330.0, ""odometer_km"": 119751, ""match_quality"": 0.76}, {""sold_at"": ""2026-05-24"", ""price_aud"": 15290.0, ""odometer_km"": 158095, ""match_quality"": 0.71}, {""sold_at"": ""2026-02-18"", ""price_aud"": 17540.0, ""odometer_km"": 107955, ""match_quality"": 0.83}]",13290.0,1165.0,,2026-06-08
Mazda,BT-50,XT,2025,24077,ute,full,poor,none,good,2,expired,33600.0,37900.0,"[{""sold_at"": ""2025-07-30"", ""price_aud"": 34040.0, ""odometer_km"": 23946, ""match_quality"": 0.61}, {""sold_at"": ""2025-08-25"", ""price_aud"": 33320.0, ""odometer_km"": 25685, ""match_quality"": 0.71}, {""sold_at"": ""2025-08-29"", ""price_aud"": 33070.0, ""odometer_km"": 29680, ""match_quality"": 0.99}]",22460.0,8811.0,,2025-11-12
Ford,Focus,Trend,2017,153219,small,partial,good,none,good,1,current,7280.0,8200.0,"[{""sold_at"": ""2025-12-03"", ""price_aud"": 8270.0, ""odometer_km"": 184638, ""match_quality"": 0.99}, {""sold_at"": ""2025-10-19"", ""price_aud"": 7210.0, ""odometer_km"": 158897, ""match_quality"": 0.95}, {""sold_at"": ""2025-11-02"", ""price_aud"": 7510.0, ""odometer_km"": 161243, ""match_quality"": 0.93}]",5480.0,1532.0,8820.0,2025-12-20
Toyota,RAV4,GX,2025,15517,suv,none,fair,none,good,1,current,29460.0,33220.0,"[{""sold_at"": ""2026-03-26"", ""price_aud"": 31350.0, ""odometer_km"": 17419, ""match_quality"": 0.61}, {""sold_at"": ""2026-04-11"", ""price_aud"": 28800.0, ""odometer_km"": 14981, ""match_quality"": 0.87}, {""sold_at"": ""2026-05-25"", ""price_aud"": 28920.0, ""odometer_km"": 13595, ""match_quality"": 0.93}, {""sold_at"": ""2026-05-11"", ""price_aud"": 33990.0, ""odometer_km"": 12730, ""match_quality"": 0.69}]",25250.0,1962.0,,2026-08-08
Kia,Cerato,Sport,2025,13657,small,full,good,aircon weak,good,1,current,19030.0,21450.0,"[{""sold_at"": ""2026-03-02"", ""price_aud"": 19620.0, ""odometer_km"": 16192, ""match_quality"": 1.0}, {""sold_at"": ""2026-01-28"", ""price_aud"": 18780.0, ""odometer_km"": 15464, ""match_quality"": 0.64}, {""sold_at"": ""2026-03-28"", ""price_aud"": 18620.0, ""odometer_km"": 10983, ""match_quality"": 0.76}, {""sold_at"": ""2026-05-08"", ""price_aud"": 20920.0, ""odometer_km"": 15863, ""match_quality"": 0.87}]",16760.0,1648.0,24130.0,2026-06-11
Hyundai,Tucson,Highlander,2020,89328,suv,partial,excellent,none,good,2,expired,14650.0,16510.0,"[{""sold_at"": ""2026-05-08"", ""price_aud"": 15350.0, ""odometer_km"": 83479, ""match_quality"": 0.99}, {""sold_at"": ""2026-04-08"", ""price_aud"": 14350.0, ""odometer_km"": 67199, ""match_quality"": 0.76}, {""sold_at"": ""2026-03-03"", ""price_aud"": 16150.0, ""odometer_km"": 85325, ""match_quality"": 1.0}, {""sold_at"": ""2026-03-22"", ""price_aud"": 16970.0, ""odometer_km"": 100672, ""match_quality"": 0.71}]",11680.0,1317.0,,2026-05-31
Mercedes-Benz,C-Class,C43,2021,45898,prestige,full,good,WL:check engine light,worn,2,unregistered,33840.0,38160.0,"[{""sold_at"": ""2025-12-31"", ""price_aud"": 35270.0, ""odometer_km"": 34528, ""match_quality"": 0.76}, {""sold_at"": ""2026-02-24"", ""price_aud"": 38460.0, ""odometer_km"": 45304, ""match_quality"": 0.97}, {""sold_at"": ""2025-12-13"", ""price_aud"": 33110.0, ""odometer_km"": 55474, ""match_quality"": 0.86}, {""sold_at"": ""2026-03-07"", ""price_aud"": 38890.0, ""odometer_km"": 49558, ""match_quality"": 0.69}, {""sold_at"": ""2026-01-29"", ""price_aud"": 39370.0, ""odometer_km"": 52292, ""match_quality"": 0.94}]",27550.0,1483.0,,2026-04-23
Volkswagen,Tiguan,162TSI R-Line,2019,71649,suv,full,good,none,good,1,current,15810.0,17830.0,"[{""sold_at"": ""2025-08-11"", ""price_aud"": 15270.0, ""odometer_km"": 74616, ""match_quality"": 0.99}, {""sold_at"": ""2025-08-28"", ""price_aud"": 15310.0, ""odometer_km"": 80448, ""match_quality"": 0.62}, {""sold_at"": ""2025-10-21"", ""price_aud"": 18350.0, ""odometer_km"": 76168, ""match_quality"": 0.73}, {""sold_at"": ""2025-11-15"", ""price_aud"": 16300.0, ""odometer_km"": 76124, ""match_quality"": 0.81}]",14140.0,1585.0,18620.0,2025-11-22
Mitsubishi,Outlander,Exceed,2022,62897,suv,partial,good,WL:check engine light,worn,1,current,18400.0,20740.0,"[{""sold_at"": ""2026-04-22"", ""price_aud"": 18740.0, ""odometer_km"": 78234, ""match_quality"": 0.62}, {""sold_at"": ""2026-05-31"", ""price_aud"": 18920.0, ""odometer_km"": 65660, ""match_quality"": 0.79}, {""sold_at"": ""2026-06-06"", ""price_aud"": 19880.0, ""odometer_km"": 68377, ""match_quality"": 0.73}]",13210.0,3397.0,23690.0,2026-08-02
Volkswagen,Tiguan,132TSI,2022,81732,suv,full,fair,WL:check engine light,good,2,current,21000.0,23680.0,"[{""sold_at"": ""2025-09-08"", ""price_aud"": 20890.0, ""odometer_km"": 71696, ""match_quality"": 0.68}, {""sold_at"": ""2025-12-29"", ""price_aud"": 23110.0, ""odometer_km"": 83809, ""match_quality"": 0.83}, {""sold_at"": ""2025-10-24"", ""price_aud"": 20120.0, ""odometer_km"": 76896, ""match_quality"": 0.64}]",15700.0,1566.0,26420.0,2026-01-13
Nissan,X-Trail,ST-L,2024,17972,suv,partial,good,none,good,2,current,23600.0,26620.0,"[{""sold_at"": ""2025-06-02"", ""price_aud"": 23560.0, ""odometer_km"": 15474, ""match_quality"": 0.84}, {""sold_at"": ""2025-05-01"", ""price_aud"": 25330.0, ""odometer_km"": 21136, ""match_quality"": 0.87}, {""sold_at"": ""2025-07-29"", ""price_aud"": 25150.0, ""odometer_km"": 15777, ""match_quality"": 0.76}, {""sold_at"": ""2025-07-04"", ""price_aud"": 25710.0, ""odometer_km"": 21506, ""match_quality"": 0.89}, {""sold_at"": ""2025-07-10"", ""price_aud"": 24420.0, ""odometer_km"": 19992, ""match_quality"": 0.8}, {""sold_at"": ""2025-07-22"", ""price_aud"": 26480.0, ""odometer_km"": 15179, ""match_quality"": 0.86}]",17410.0,2239.0,27300.0,2025-09-21
Mitsubishi,Outlander,ES,2025,18098,suv,none,good,none,good,2,expired,26080.0,29420.0,"[{""sold_at"": ""2026-01-15"", ""price_aud"": 30050.0, ""odometer_km"": 20813, ""match_quality"": 0.71}, {""sold_at"": ""2026-02-18"", ""price_aud"": 29330.0, ""odometer_km"": 16800, ""match_quality"": 0.76}, {""sold_at"": ""2026-03-11"", ""price_aud"": 26420.0, ""odometer_km"": 20586, ""match_quality"": 0.68}, {""sold_at"": ""2026-01-10"", ""price_aud"": 25200.0, ""odometer_km"": 16623, ""match_quality"": 0.6}]",23490.0,533.0,32990.0,2026-04-03
Tesla,Model 3,RWD,2021,78241,prestige,partial,fair,WL:check engine light,replace,2,current,26590.0,29990.0,"[{""sold_at"": ""2025-12-06"", ""price_aud"": 30210.0, ""odometer_km"": 73406, ""match_quality"": 0.77}, {""sold_at"": ""2025-11-16"", ""price_aud"": 26100.0, ""odometer_km"": 67646, ""match_quality"": 0.88}, {""sold_at"": ""2025-09-30"", ""price_aud"": 26440.0, ""odometer_km"": 63886, ""match_quality"": 0.85}, {""sold_at"": ""2025-10-10"", ""price_aud"": 27290.0, ""odometer_km"": 75872, ""match_quality"": 0.91}, {""sold_at"": ""2025-11-25"", ""price_aud"": 27600.0, ""odometer_km"": 95558, ""match_quality"": 0.83}, {""sold_at"": ""2025-11-20"", ""price_aud"": 25670.0, ""odometer_km"": 66443, ""match_quality"": 0.7}]",19520.0,2823.0,,2026-01-11
Toyota,Corolla,Ascent Sport,2015,100185,small,full,excellent,none,good,1,current,6970.0,7850.0,"[{""sold_at"": ""2026-01-07"", ""price_aud"": 6990.0, ""odometer_km"": 94804, ""match_quality"": 0.94}, {""sold_at"": ""2026-03-10"", ""price_aud"": 7560.0, ""odometer_km"": 115382, ""match_quality"": 0.7}, {""sold_at"": ""2026-04-05"", ""price_aud"": 7680.0, ""odometer_km"": 87387, ""match_quality"": 0.68}, {""sold_at"": ""2026-03-17"", ""price_aud"": 7480.0, ""odometer_km"": 123539, ""match_quality"": 1.0}]",5650.0,947.0,7880.0,2026-04-28
Volkswagen,Tiguan,162TSI R-Line,2019,147870,suv,partial,fair,WL:check engine light,good,1,current,14320.0,16140.0,"[{""sold_at"": ""2026-01-18"", ""price_aud"": 15760.0, ""odometer_km"": 181174, ""match_quality"": 0.73}, {""sold_at"": ""2025-12-17"", ""price_aud"": 16750.0, ""odometer_km"": 114771, ""match_quality"": 0.97}, {""sold_at"": ""2026-02-06"", ""price_aud"": 16340.0, ""odometer_km"": 145161, ""match_quality"": 0.87}, {""sold_at"": ""2026-01-12"", ""price_aud"": 15450.0, ""odometer_km"": 136932, ""match_quality"": 0.78}]",9430.0,3848.0,16320.0,2026-05-16
Mazda,CX-5,Touring,2019,141643,suv,full,good,none,good,1,current,12920.0,14580.0,"[{""sold_at"": ""2025-05-16"", ""price_aud"": 13270.0, ""odometer_km"": 123512, ""match_quality"": 0.64}, {""sold_at"": ""2025-05-03"", ""price_aud"": 12520.0, ""odometer_km"": 133299, ""match_quality"": 0.67}, {""sold_at"": ""2025-09-05"", ""price_aud"": 13790.0, ""odometer_km"": 171904, ""match_quality"": 0.75}]",11530.0,1249.0,15990.0,2025-09-14
Kia,Sportage,GT-Line,2018,152827,suv,none,poor,none,good,2,current,10740.0,12120.0,"[{""sold_at"": ""2025-10-26"", ""price_aud"": 11460.0, ""odometer_km"": 120042, ""match_quality"": 0.98}, {""sold_at"": ""2025-07-18"", ""price_aud"": 11130.0, ""odometer_km"": 117496, ""match_quality"": 0.76}, {""sold_at"": ""2025-07-18"", ""price_aud"": 12470.0, ""odometer_km"": 127521, ""match_quality"": 0.68}, {""sold_at"": ""2025-08-24"", ""price_aud"": 11760.0, ""odometer_km"": 137444, ""match_quality"": 0.79}, {""sold_at"": ""2025-07-12"", ""price_aud"": 10820.0, ""odometer_km"": 183707, ""match_quality"": 0.69}, {""sold_at"": ""2025-10-18"", ""price_aud"": 12500.0, ""odometer_km"": 158169, ""match_quality"": 0.6}]",6620.0,2526.0,13270.0,2025-11-23
Ford,Focus,Trend,2023,63878,small,full,good,none,worn,2,current,14630.0,16490.0,"[{""sold_at"": ""2025-03-09"", ""price_aud"": 15140.0, ""odometer_km"": 57014, ""match_quality"": 0.83}, {""sold_at"": ""2025-03-14"", ""price_aud"": 16600.0, ""odometer_km"": 67880, ""match_quality"": 0.64}, {""sold_at"": ""2025-03-06"", ""price_aud"": 14960.0, ""odometer_km"": 53443, ""match_quality"": 0.89}]",13560.0,816.0,17220.0,2025-06-22
Toyota,Camry,SL,2015,203306,medium,full,excellent,none,good,2,current,8080.0,9120.0,"[{""sold_at"": ""2025-01-08"", ""price_aud"": 8200.0, ""odometer_km"": 242240, ""match_quality"": 0.8}, {""sold_at"": ""2024-12-29"", ""price_aud"": 7930.0, ""odometer_km"": 222856, ""match_quality"": 0.9}, {""sold_at"": ""2025-02-07"", ""price_aud"": 8630.0, ""odometer_km"": 196797, ""match_quality"": 0.71}, {""sold_at"": ""2025-04-05"", ""price_aud"": 9130.0, ""odometer_km"": 251863, ""match_quality"": 0.79}, {""sold_at"": ""2025-02-27"", ""price_aud"": 9460.0, ""odometer_km"": 251871, ""match_quality"": 0.95}, {""sold_at"": ""2025-03-18"", ""price_aud"": 9380.0, ""odometer_km"": 252487, ""match_quality"": 0.94}]",6710.0,501.0,9220.0,2025-04-11
Toyota,Hilux,Workmate,2024,22226,ute,full,excellent,none,good,1,current,32320.0,36440.0,"[{""sold_at"": ""2026-03-30"", ""price_aud"": 33640.0, ""odometer_km"": 25066, ""match_quality"": 0.91}, {""sold_at"": ""2026-02-03"", ""price_aud"": 32950.0, ""odometer_km"": 21950, ""match_quality"": 0.99}, {""sold_at"": ""2026-05-01"", ""price_aud"": 33080.0, ""odometer_km"": 24395, ""match_quality"": 0.62}, {""sold_at"": ""2026-04-18"", ""price_aud"": 36330.0, ""odometer_km"": 17549, ""match_quality"": 1.0}, {""sold_at"": ""2026-05-03"", ""price_aud"": 37660.0, ""odometer_km"": 23754, ""match_quality"": 0.65}]",27300.0,520.0,38370.0,2026-05-08
Subaru,Outback,AWD Sport,2024,8514,medium,none,good,none,good,1,expired,26800.0,30220.0,"[{""sold_at"": ""2026-03-01"", ""price_aud"": 28120.0, ""odometer_km"": 7902, ""match_quality"": 0.96}, {""sold_at"": ""2026-02-04"", ""price_aud"": 29180.0, ""odometer_km"": 7893, ""match_quality"": 0.67}, {""sold_at"": ""2025-11-16"", ""price_aud"": 29140.0, ""odometer_km"": 10639, ""match_quality"": 0.77}, {""sold_at"": ""2026-03-06"", ""price_aud"": 26040.0, ""odometer_km"": 9084, ""match_quality"": 0.73}, {""sold_at"": ""2025-12-18"", ""price_aud"": 28980.0, ""odometer_km"": 8217, ""match_quality"": 0.85}, {""sold_at"": ""2026-03-04"", ""price_aud"": 26740.0, ""odometer_km"": 8137, ""match_quality"": 0.81}]",21580.0,2190.0,29980.0,2026-03-27
Hyundai,i30,N Line,2021,58328,small,full,good,none,good,2,current,12540.0,14140.0,"[{""sold_at"": ""2025-12-10"", ""price_aud"": 14430.0, ""odometer_km"": 70888, ""match_quality"": 0.77}, {""sold_at"": ""2026-03-29"", ""price_aud"": 13320.0, ""odometer_km"": 71982, ""match_quality"": 0.8}, {""sold_at"": ""2026-01-28"", ""price_aud"": 14410.0, ""odometer_km"": 60250, ""match_quality"": 0.65}, {""sold_at"": ""2025-12-25"", ""price_aud"": 12630.0, ""odometer_km"": 57942, ""match_quality"": 0.84}, {""sold_at"": ""2026-02-01"", ""price_aud"": 13430.0, ""odometer_km"": 49144, ""match_quality"": 0.88}, {""sold_at"": ""2026-03-17"", ""price_aud"": 12060.0, ""odometer_km"": 50676, ""match_quality"": 0.88}]",10620.0,635.0,15790.0,2026-05-09
Toyota,Corolla,ZR,2018,72777,small,full,good,none,replace,1,current,9710.0,10950.0,"[{""sold_at"": ""2025-01-13"", ""price_aud"": 10520.0, ""odometer_km"": 56127, ""match_quality"": 0.62}, {""sold_at"": ""2024-12-18"", ""price_aud"": 9380.0, ""odometer_km"": 77750, ""match_quality"": 0.72}, {""sold_at"": ""2025-01-28"", ""price_aud"": 10690.0, ""odometer_km"": 81556, ""match_quality"": 0.76}, {""sold_at"": ""2025-01-06"", ""price_aud"": 10290.0, ""odometer_km"": 79046, ""match_quality"": 0.83}, {""sold_at"": ""2025-04-12"", ""price_aud"": 10770.0, ""odometer_km"": 70010, ""match_quality"": 0.68}, {""sold_at"": ""2025-04-12"", ""price_aud"": 9800.0, ""odometer_km"": 87822, ""match_quality"": 0.98}]",8550.0,1269.0,12360.0,2025-04-19
Ford,Focus,Titanium,2023,30559,small,partial,good,none,new,2,current,15270.0,17210.0,"[{""sold_at"": ""2025-06-17"", ""price_aud"": 17610.0, ""odometer_km"": 23134, ""match_quality"": 0.71}, {""sold_at"": ""2025-04-15"", ""price_aud"": 17520.0, ""odometer_km"": 35983, ""match_quality"": 0.9}, {""sold_at"": ""2025-07-20"", ""price_aud"": 15310.0, ""odometer_km"": 29741, ""match_quality"": 0.69}, {""sold_at"": ""2025-08-04"", ""price_aud"": 17670.0, ""odometer_km"": 35636, ""match_quality"": 0.99}]",12840.0,1552.0,17440.0,2025-08-24
Toyota,RAV4,Edge,2023,37853,suv,partial,good,none,good,2,current,23520.0,26520.0,"[{""sold_at"": ""2025-04-22"", ""price_aud"": 26080.0, ""odometer_km"": 44592, ""match_quality"": 0.91}, {""sold_at"": ""2025-06-03"", ""price_aud"": 23540.0, ""odometer_km"": 37117, ""match_quality"": 0.96}, {""sold_at"": ""2025-06-03"", ""price_aud"": 27440.0, ""odometer_km"": 40189, ""match_quality"": 0.71}, {""sold_at"": ""2025-04-20"", ""price_aud"": 22850.0, ""odometer_km"": 46225, ""match_quality"": 0.78}, {""sold_at"": ""2025-05-30"", ""price_aud"": 25110.0, ""odometer_km"": 43917, ""match_quality"": 0.94}]",20170.0,604.0,26940.0,2025-08-16
Nissan,Navara,ST,2018,112418,ute,partial,good,none,good,2,current,14600.0,16460.0,"[{""sold_at"": ""2025-12-04"", ""price_aud"": 16280.0, ""odometer_km"": 100146, ""match_quality"": 0.87}, {""sold_at"": ""2025-09-18"", ""price_aud"": 15700.0, ""odometer_km"": 121532, ""match_quality"": 0.87}, {""sold_at"": ""2025-12-10"", ""price_aud"": 16760.0, ""odometer_km"": 93618, ""match_quality"": 0.79}, {""sold_at"": ""2025-09-15"", ""price_aud"": 14320.0, ""odometer_km"": 87546, ""match_quality"": 0.86}]",11620.0,667.0,17500.0,2026-01-08
Kia,Cerato,S,2019,109107,small,none,good,WL:check engine light,good,2,current,9380.0,10580.0,"[{""sold_at"": ""2025-08-22"", ""price_aud"": 9020.0, ""odometer_km"": 116628, ""match_quality"": 0.83}, {""sold_at"": ""2025-07-13"", ""price_aud"": 10060.0, ""odometer_km"": 107137, ""match_quality"": 0.91}, {""sold_at"": ""2025-06-20"", ""price_aud"": 10700.0, ""odometer_km"": 103057, ""match_quality"": 0.65}]",7340.0,1769.0,11330.0,2025-11-02
Mazda,3,G20 Pure,2020,46489,small,full,fair,WL:abs; rear brakes,good,1,current,12600.0,14200.0,"[{""sold_at"": ""2025-08-26"", ""price_aud"": 12470.0, ""odometer_km"": 56211, ""match_quality"": 0.92}, {""sold_at"": ""2025-10-23"", ""price_aud"": 12280.0, ""odometer_km"": 43275, ""match_quality"": 0.84}, {""sold_at"": ""2025-09-19"", ""price_aud"": 14200.0, ""odometer_km"": 37210, ""match_quality"": 0.98}]",10010.0,2001.0,15830.0,2025-12-17
Mazda,3,G25 GT,2019,74785,small,full,good,none,new,2,current,11070.0,12490.0,"[{""sold_at"": ""2025-10-29"", ""price_aud"": 11010.0, ""odometer_km"": 62715, ""match_quality"": 0.86}, {""sold_at"": ""2025-09-06"", ""price_aud"": 12620.0, ""odometer_km"": 61113, ""match_quality"": 0.7}, {""sold_at"": ""2025-07-04"", ""price_aud"": 12460.0, ""odometer_km"": 59259, ""match_quality"": 0.79}, {""sold_at"": ""2025-06-11"", ""price_aud"": 11520.0, ""odometer_km"": 78923, ""match_quality"": 0.9}]",9320.0,595.0,13240.0,2025-11-03
Mazda,BT-50,XT,2022,78719,ute,full,excellent,none,replace,1,current,23340.0,26320.0,"[{""sold_at"": ""2025-11-17"", ""price_aud"": 25290.0, ""odometer_km"": 85797, ""match_quality"": 0.96}, {""sold_at"": ""2025-09-26"", ""price_aud"": 27000.0, ""odometer_km"": 65064, ""match_quality"": 0.84}, {""sold_at"": ""2026-01-13"", ""price_aud"": 25630.0, ""odometer_km"": 83359, ""match_quality"": 0.96}, {""sold_at"": ""2026-01-11"", ""price_aud"": 22720.0, ""odometer_km"": 92735, ""match_quality"": 0.87}]",19490.0,2446.0,27130.0,2026-02-03
Mazda,3,G25 GT,2021,98512,small,none,fair,none,worn,2,current,13080.0,14760.0,"[{""sold_at"": ""2026-02-05"", ""price_aud"": 12940.0, ""odometer_km"": 111650, ""match_quality"": 0.84}, {""sold_at"": ""2025-12-27"", ""price_aud"": 13090.0, ""odometer_km"": 116611, ""match_quality"": 0.96}, {""sold_at"": ""2025-10-26"", ""price_aud"": 15260.0, ""odometer_km"": 99188, ""match_quality"": 0.73}]",11020.0,1428.0,16480.0,2026-02-24
Ford,Focus,Titanium,2015,193067,small,full,excellent,aircon weak,good,1,current,5680.0,6400.0,"[{""sold_at"": ""2025-01-07"", ""price_aud"": 6520.0, ""odometer_km"": 206854, ""match_quality"": 0.69}, {""sold_at"": ""2025-02-05"", ""price_aud"": 5730.0, ""odometer_km"": 204354, ""match_quality"": 0.97}, {""sold_at"": ""2025-03-21"", ""price_aud"": 6570.0, ""odometer_km"": 163681, ""match_quality"": 0.75}, {""sold_at"": ""2025-02-06"", ""price_aud"": 5760.0, ""odometer_km"": 153945, ""match_quality"": 0.72}]",2190.0,2679.0,7290.0,2025-03-26
Toyota,Hilux,Workmate,2019,110052,ute,partial,poor,none,good,1,current,17780.0,20040.0,"[{""sold_at"": ""2025-02-13"", ""price_aud"": 18410.0, ""odometer_km"": 94057, ""match_quality"": 0.99}, {""sold_at"": ""2025-01-24"", ""price_aud"": 20270.0, ""odometer_km"": 93519, ""match_quality"": 0.9}, {""sold_at"": ""2025-01-28"", ""price_aud"": 19450.0, ""odometer_km"": 90121, ""match_quality"": 0.88}, {""sold_at"": ""2025-04-24"", ""price_aud"": 19730.0, ""odometer_km"": 109575, ""match_quality"": 0.62}, {""sold_at"": ""2025-05-15"", ""price_aud"": 20680.0, ""odometer_km"": 86210, ""match_quality"": 0.62}, {""sold_at"": ""2025-02-23"", ""price_aud"": 18270.0, ""odometer_km"": 104935, ""match_quality"": 0.78}]",11200.0,4692.0,21960.0,2025-06-18
Ford,Focus,ST-Line,2020,166316,small,full,good,none,worn,2,current,9390.0,10590.0,"[{""sold_at"": ""2025-07-08"", ""price_aud"": 10870.0, ""odometer_km"": 184471, ""match_quality"": 0.93}, {""sold_at"": ""2025-07-09"", ""price_aud"": 9600.0, ""odometer_km"": 192478, ""match_quality"": 0.86}, {""sold_at"": ""2025-05-24"", ""price_aud"": 10940.0, ""odometer_km"": 144085, ""match_quality"": 0.61}, {""sold_at"": ""2025-06-25"", ""price_aud"": 10180.0, ""odometer_km"": 150096, ""match_quality"": 0.92}]",6410.0,2155.0,12080.0,2025-09-01
Nissan,Navara,ST-X,2024,36399,ute,none,good,WL:check engine light,good,2,current,28880.0,32560.0,"[{""sold_at"": ""2025-04-11"", ""price_aud"": 31260.0, ""odometer_km"": 45310, ""match_quality"": 0.63}, {""sold_at"": ""2025-03-04"", ""price_aud"": 30450.0, ""odometer_km"": 42776, ""match_quality"": 0.83}, {""sold_at"": ""2025-05-10"", ""price_aud"": 31970.0, ""odometer_km"": 40839, ""match_quality"": 0.73}, {""sold_at"": ""2025-04-18"", ""price_aud"": 33070.0, ""odometer_km"": 27499, ""match_quality"": 0.94}, {""sold_at"": ""2025-04-14"", ""price_aud"": 29500.0, ""odometer_km"": 32274, ""match_quality"": 0.87}, {""sold_at"": ""2025-03-14"", ""price_aud"": 30600.0, ""odometer_km"": 28249, ""match_quality"": 0.73}]",25280.0,1390.0,35190.0,2025-07-27
Volkswagen,Tiguan,110TSI,2018,125001,suv,full,good,none,good,2,current,13520.0,15240.0,"[{""sold_at"": ""2025-12-06"", ""price_aud"": 15300.0, ""odometer_km"": 94807, ""match_quality"": 0.72}, {""sold_at"": ""2026-02-25"", ""price_aud"": 13350.0, ""odometer_km"": 96039, ""match_quality"": 0.8}, {""sold_at"": ""2025-11-26"", ""price_aud"": 15400.0, ""odometer_km"": 126106, ""match_quality"": 0.89}, {""sold_at"": ""2025-12-23"", ""price_aud"": 13250.0, ""odometer_km"": 144406, ""match_quality"": 0.72}]",11440.0,428.0,17220.0,2026-04-06
Toyota,Corolla,Ascent Sport,2019,113024,small,full,excellent,WL:abs; rear brakes,good,1,current,10290.0,11610.0,"[{""sold_at"": ""2025-09-17"", ""price_aud"": 11990.0, ""odometer_km"": 112783, ""match_quality"": 0.99}, {""sold_at"": ""2025-09-21"", ""price_aud"": 10790.0, ""odometer_km"": 136959, ""match_quality"": 0.93}, {""sold_at"": ""2025-06-12"", ""price_aud"": 10740.0, ""odometer_km"": 103288, ""match_quality"": 0.71}, {""sold_at"": ""2025-05-18"", ""price_aud"": 10030.0, ""odometer_km"": 92403, ""match_quality"": 0.85}]",7980.0,1710.0,13100.0,2025-10-12
Kia,Cerato,S,2022,29338,small,full,fair,WL:check engine light,good,2,current,13810.0,15570.0,"[{""sold_at"": ""2026-01-12"", ""price_aud"": 14510.0, ""odometer_km"": 26788, ""match_quality"": 0.95}, {""sold_at"": ""2026-01-28"", ""price_aud"": 13670.0, ""odometer_km"": 23951, ""match_quality"": 0.79}, {""sold_at"": ""2026-03-10"", ""price_aud"": 14480.0, ""odometer_km"": 30476, ""match_quality"": 0.84}, {""sold_at"": ""2026-02-27"", ""price_aud"": 14780.0, ""odometer_km"": 29239, ""match_quality"": 0.8}, {""sold_at"": ""2026-01-19"", ""price_aud"": 13650.0, ""odometer_km"": 31513, ""match_quality"": 0.79}, {""sold_at"": ""2026-04-05"", ""price_aud"": 15800.0, ""odometer_km"": 25416, ""match_quality"": 0.91}]",9980.0,3061.0,,2026-05-18
Toyota,Landcruiser Prado,Kakadu,2021,71280,suv,full,good,none,good,2,current,29700.0,33500.0,"[{""sold_at"": ""2025-07-04"", ""price_aud"": 29380.0, ""odometer_km"": 79679, ""match_quality"": 0.65}, {""sold_at"": ""2025-07-04"", ""price_aud"": 29350.0, ""odometer_km"": 75851, ""match_quality"": 0.92}, {""sold_at"": ""2025-05-13"", ""price_aud"": 29420.0, ""odometer_km"": 71065, ""match_quality"": 0.66}, {""sold_at"": ""2025-09-09"", ""price_aud"": 29640.0, ""odometer_km"": 67665, ""match_quality"": 0.86}]",24550.0,406.0,34330.0,2025-09-29
Subaru,Outback,AWD Sport,2020,71476,medium,partial,fair,none,good,2,current,16770.0,18910.0,"[{""sold_at"": ""2026-01-03"", ""price_aud"": 16120.0, ""odometer_km"": 87855, ""match_quality"": 0.73}, {""sold_at"": ""2025-11-28"", ""price_aud"": 19270.0, ""odometer_km"": 64146, ""match_quality"": 0.71}, {""sold_at"": ""2026-02-02"", ""price_aud"": 17810.0, ""odometer_km"": 57339, ""match_quality"": 0.96}]",15100.0,1004.0,,2026-03-15
Tesla,Model 3,RWD,2022,68422,prestige,none,good,none,good,2,current,29650.0,33430.0,"[{""sold_at"": ""2025-05-27"", ""price_aud"": 31350.0, ""odometer_km"": 65931, ""match_quality"": 0.63}, {""sold_at"": ""2025-07-27"", ""price_aud"": 30560.0, ""odometer_km"": 53216, ""match_quality"": 0.64}, {""sold_at"": ""2025-06-16"", ""price_aud"": 31820.0, ""odometer_km"": 75046, ""match_quality"": 1.0}, {""sold_at"": ""2025-08-17"", ""price_aud"": 34100.0, ""odometer_km"": 53659, ""match_quality"": 0.71}, {""sold_at"": ""2025-05-21"", ""price_aud"": 31340.0, ""odometer_km"": 67241, ""match_quality"": 0.63}, {""sold_at"": ""2025-07-13"", ""price_aud"": 32980.0, ""odometer_km"": 80000, ""match_quality"": 0.65}]",25480.0,1097.0,,2025-09-27
Toyota,RAV4,GXL,2017,198682,suv,full,good,none,worn,2,current,10500.0,11840.0,"[{""sold_at"": ""2026-06-03"", ""price_aud"": 10980.0, ""odometer_km"": 230728, ""match_quality"": 0.94}, {""sold_at"": ""2026-02-27"", ""price_aud"": 10720.0, ""odometer_km"": 226346, ""match_quality"": 0.97}, {""sold_at"": ""2026-03-13"", ""price_aud"": 11440.0, ""odometer_km"": 209435, ""match_quality"": 0.78}, {""sold_at"": ""2026-02-20"", ""price_aud"": 10920.0, ""odometer_km"": 159542, ""match_quality"": 0.71}, {""sold_at"": ""2026-05-17"", ""price_aud"": 10640.0, ""odometer_km"": 214464, ""match_quality"": 0.64}, {""sold_at"": ""2026-05-11"", ""price_aud"": 11690.0, ""odometer_km"": 152551, ""match_quality"": 0.95}]",8420.0,775.0,13610.0,2026-06-27
Ford,Ranger,XL,2023,32188,ute,full,good,none,worn,2,current,30480.0,34380.0,"[{""sold_at"": ""2025-09-18"", ""price_aud"": 33000.0, ""odometer_km"": 35834, ""match_quality"": 0.94}, {""sold_at"": ""2025-10-18"", ""price_aud"": 34590.0, ""odometer_km"": 27561, ""match_quality"": 0.82}, {""sold_at"": ""2025-06-30"", ""price_aud"": 34300.0, ""odometer_km"": 31700, ""match_quality"": 0.77}, {""sold_at"": ""2025-10-25"", ""price_aud"": 35530.0, ""odometer_km"": 38540, ""match_quality"": 0.88}]",28370.0,633.0,,2025-10-30
Toyota,Corolla,Ascent Sport,2023,48912,small,full,fair,aircon weak,worn,1,current,16510.0,18610.0,"[{""sold_at"": ""2025-08-24"", ""price_aud"": 17230.0, ""odometer_km"": 45603, ""match_quality"": 0.97}, {""sold_at"": ""2025-07-15"", ""price_aud"": 17350.0, ""odometer_km"": 45894, ""match_quality"": 0.61}, {""sold_at"": ""2025-11-09"", ""price_aud"": 18710.0, ""odometer_km"": 57459, ""match_quality"": 0.91}]",11030.0,2956.0,20510.0,2025-11-26
Toyota,Kluger,Grande,2018,106231,suv,full,good,none,worn,2,current,17040.0,19220.0,"[{""sold_at"": ""2026-03-17"", ""price_aud"": 19300.0, ""odometer_km"": 80260, ""match_quality"": 0.79}, {""sold_at"": ""2026-04-08"", ""price_aud"": 17030.0, ""odometer_km"": 95940, ""match_quality"": 0.7}, {""sold_at"": ""2026-04-15"", ""price_aud"": 17740.0, ""odometer_km"": 122007, ""match_quality"": 0.91}, {""sold_at"": ""2026-03-12"", ""price_aud"": 19020.0, ""odometer_km"": 89281, ""match_quality"": 0.96}, {""sold_at"": ""2026-02-16"", ""price_aud"": 18780.0, ""odometer_km"": 127361, ""match_quality"": 0.98}, {""sold_at"": ""2026-02-26"", ""price_aud"": 18510.0, ""odometer_km"": 91926, ""match_quality"": 0.92}]",14140.0,955.0,19420.0,2026-06-02
Hyundai,i30,Active,2021,95362,small,partial,fair,none,worn,1,expired,11960.0,13480.0,"[{""sold_at"": ""2026-03-16"", ""price_aud"": 12980.0, ""odometer_km"": 112196, ""match_quality"": 0.98}, {""sold_at"": ""2026-03-28"", ""price_aud"": 12560.0, ""odometer_km"": 79709, ""match_quality"": 0.98}, {""sold_at"": ""2026-03-22"", ""price_aud"": 12580.0, ""odometer_km"": 95456, ""match_quality"": 0.88}]",5840.0,4515.0,,2026-04-09
Audi,A4,35 TFSI,2024,29538,prestige,partial,excellent,aircon weak,good,2,current,40830.0,46050.0,"[{""sold_at"": ""2025-07-11"", ""price_aud"": 40700.0, ""odometer_km"": 26986, ""match_quality"": 0.62}, {""sold_at"": ""2025-11-09"", ""price_aud"": 41370.0, ""odometer_km"": 22607, ""match_quality"": 0.72}, {""sold_at"": ""2025-07-12"", ""price_aud"": 42030.0, ""odometer_km"": 23474, ""match_quality"": 0.67}, {""sold_at"": ""2025-10-25"", ""price_aud"": 45920.0, ""odometer_km"": 24286, ""match_quality"": 0.68}, {""sold_at"": ""2025-07-21"", ""price_aud"": 42390.0, ""odometer_km"": 27274, ""match_quality"": 0.83}]",31300.0,2039.0,51010.0,2025-11-21
Volkswagen,Tiguan,162TSI R-Line,2020,121350,suv,full,good,none,good,2,expired,16380.0,18480.0,"[{""sold_at"": ""2025-06-20"", ""price_aud"": 15940.0, ""odometer_km"": 100352, ""match_quality"": 0.7}, {""sold_at"": ""2025-07-24"", ""price_aud"": 16580.0, ""odometer_km"": 122051, ""match_quality"": 0.89}, {""sold_at"": ""2025-06-09"", ""price_aud"": 18680.0, ""odometer_km"": 98131, ""match_quality"": 0.96}]",13290.0,880.0,,2025-10-14
Audi,A4,45 TFSI,2018,143355,prestige,full,good,none,good,2,expired,19570.0,22070.0,"[{""sold_at"": ""2025-06-16"", ""price_aud"": 21370.0, ""odometer_km"": 147956, ""match_quality"": 0.62}, {""sold_at"": ""2025-06-19"", ""price_aud"": 19300.0, ""odometer_km"": 143279, ""match_quality"": 0.9}, {""sold_at"": ""2025-08-04"", ""price_aud"": 19810.0, ""odometer_km"": 118701, ""match_quality"": 0.65}, {""sold_at"": ""2025-07-25"", ""price_aud"": 19670.0, ""odometer_km"": 129928, ""match_quality"": 0.9}, {""sold_at"": ""2025-06-30"", ""price_aud"": 19620.0, ""odometer_km"": 163424, ""match_quality"": 0.8}]",16170.0,1184.0,22350.0,2025-10-19
Kia,Cerato,GT,2024,30621,small,full,fair,WL:abs; rear brakes,new,2,current,16890.0,19050.0,"[{""sold_at"": ""2026-01-13"", ""price_aud"": 18880.0, ""odometer_km"": 35826, ""match_quality"": 0.9}, {""sold_at"": ""2026-03-23"", ""price_aud"": 16260.0, ""odometer_km"": 28802, ""match_quality"": 0.81}, {""sold_at"": ""2026-04-21"", ""price_aud"": 16790.0, ""odometer_km"": 26939, ""match_quality"": 0.76}]",13880.0,2118.0,19120.0,2026-06-02
Subaru,Outback,AWD Touring,2016,104875,medium,partial,fair,none,replace,2,current,10790.0,12170.0,"[{""sold_at"": ""2026-02-15"", ""price_aud"": 10760.0, ""odometer_km"": 86395, ""match_quality"": 0.74}, {""sold_at"": ""2026-03-23"", ""price_aud"": 12610.0, ""odometer_km"": 119082, ""match_quality"": 0.77}, {""sold_at"": ""2025-12-09"", ""price_aud"": 11100.0, ""odometer_km"": 106817, ""match_quality"": 0.89}]",7530.0,1772.0,,2026-04-24
Kia,Cerato,Sport,2021,119249,small,partial,excellent,none,good,2,current,11130.0,12550.0,"[{""sold_at"": ""2025-08-01"", ""price_aud"": 11510.0, ""odometer_km"": 144628, ""match_quality"": 0.94}, {""sold_at"": ""2025-08-17"", ""price_aud"": 12560.0, ""odometer_km"": 115712, ""match_quality"": 0.9}, {""sold_at"": ""2025-11-07"", ""price_aud"": 12570.0, ""odometer_km"": 134696, ""match_quality"": 0.91}]",8480.0,663.0,13570.0,2025-12-19
Ford,Focus,Titanium,2020,115523,small,partial,fair,none,new,2,current,10200.0,11500.0,"[{""sold_at"": ""2026-01-21"", ""price_aud"": 9990.0, ""odometer_km"": 102207, ""match_quality"": 0.72}, {""sold_at"": ""2025-12-11"", ""price_aud"": 10690.0, ""odometer_km"": 120457, ""match_quality"": 0.95}, {""sold_at"": ""2025-12-03"", ""price_aud"": 10370.0, ""odometer_km"": 110736, ""match_quality"": 0.87}]",8440.0,1663.0,13170.0,2026-02-08
BMW,3 Series,M340i,2016,90335,prestige,partial,excellent,aircon weak,replace,2,current,18250.0,20570.0,"[{""sold_at"": ""2025-11-04"", ""price_aud"": 17800.0, ""odometer_km"": 89022, ""match_quality"": 0.92}, {""sold_at"": ""2025-11-25"", ""price_aud"": 18030.0, ""odometer_km"": 73417, ""match_quality"": 0.8}, {""sold_at"": ""2025-08-07"", ""price_aud"": 18610.0, ""odometer_km"": 95182, ""match_quality"": 0.82}, {""sold_at"": ""2025-11-07"", ""price_aud"": 19790.0, ""odometer_km"": 71875, ""match_quality"": 0.85}, {""sold_at"": ""2025-07-17"", ""price_aud"": 21040.0, ""odometer_km"": 95639, ""match_quality"": 0.61}, {""sold_at"": ""2025-07-22"", ""price_aud"": 20060.0, ""odometer_km"": 74594, ""match_quality"": 0.61}]",14640.0,2980.0,22590.0,2025-12-12
Subaru,Forester,2.5i-L,2016,186330,suv,none,fair,none,good,1,unregistered,8900.0,10040.0,"[{""sold_at"": ""2025-07-21"", ""price_aud"": 9910.0, ""odometer_km"": 160247, ""match_quality"": 0.83}, {""sold_at"": ""2025-10-03"", ""price_aud"": 10360.0, ""odometer_km"": 146795, ""match_quality"": 0.84}, {""sold_at"": ""2025-08-05"", ""price_aud"": 8640.0, ""odometer_km"": 219847, ""match_quality"": 0.81}]",5030.0,3861.0,10170.0,2025-10-11
Volkswagen,Golf,R-Line,2024,22364,small,partial,good,none,worn,1,current,21150.0,23850.0,"[{""sold_at"": ""2026-01-16"", ""price_aud"": 24510.0, ""odometer_km"": 27878, ""match_quality"": 0.85}, {""sold_at"": ""2026-04-06"", ""price_aud"": 20350.0, ""odometer_km"": 22914, ""match_quality"": 0.7}, {""sold_at"": ""2026-01-29"", ""price_aud"": 24610.0, ""odometer_km"": 22997, ""match_quality"": 0.98}, {""sold_at"": ""2026-04-06"", ""price_aud"": 20380.0, ""odometer_km"": 19383, ""match_quality"": 0.86}, {""sold_at"": ""2026-02-25"", ""price_aud"": 23520.0, ""odometer_km"": 19017, ""match_quality"": 0.67}]",16040.0,1394.0,24580.0,2026-05-02
Audi,A4,35 TFSI,2025,19189,prestige,full,fair,none,good,2,expired,45570.0,51390.0,"[{""sold_at"": ""2025-12-21"", ""price_aud"": 47690.0, ""odometer_km"": 20738, ""match_quality"": 0.68}, {""sold_at"": ""2025-11-16"", ""price_aud"": 44050.0, ""odometer_km"": 19996, ""match_quality"": 0.6}, {""sold_at"": ""2025-12-30"", ""price_aud"": 44600.0, ""odometer_km"": 17185, ""match_quality"": 0.82}, {""sold_at"": ""2025-11-21"", ""price_aud"": 45420.0, ""odometer_km"": 20046, ""match_quality"": 0.87}]",36610.0,805.0,,2026-02-26
Toyota,Hilux,SR5,2022,64876,ute,full,good,none,replace,2,current,25220.0,28440.0,"[{""sold_at"": ""2025-10-25"", ""price_aud"": 26080.0, ""odometer_km"": 74054, ""match_quality"": 0.8}, {""sold_at"": ""2025-09-10"", ""price_aud"": 28470.0, ""odometer_km"": 63530, ""match_quality"": 0.87}, {""sold_at"": ""2025-10-05"", ""price_aud"": 24400.0, ""odometer_km"": 55878, ""match_quality"": 0.66}, {""sold_at"": ""2025-11-23"", ""price_aud"": 27070.0, ""odometer_km"": 73357, ""match_quality"": 0.97}, {""sold_at"": ""2025-08-15"", ""price_aud"": 26190.0, ""odometer_km"": 63517, ""match_quality"": 0.92}]",18660.0,2095.0,30140.0,2025-12-29
BMW,3 Series,330i,2023,40484,prestige,partial,good,none,good,1,current,39090.0,44090.0,"[{""sold_at"": ""2025-04-24"", ""price_aud"": 42950.0, ""odometer_km"": 41347, ""match_quality"": 0.98}, {""sold_at"": ""2025-07-21"", ""price_aud"": 44540.0, ""odometer_km"": 32093, ""match_quality"": 0.87}, {""sold_at"": ""2025-06-13"", ""price_aud"": 41530.0, ""odometer_km"": 35544, ""match_quality"": 0.61}, {""sold_at"": ""2025-05-01"", ""price_aud"": 40300.0, ""odometer_km"": 49027, ""match_quality"": 0.77}]",28960.0,2104.0,50280.0,2025-08-14
Nissan,X-Trail,ST-L,2025,18914,suv,partial,good,aircon weak,replace,2,current,26060.0,29380.0,"[{""sold_at"": ""2025-08-05"", ""price_aud"": 28600.0, ""odometer_km"": 15475, ""match_quality"": 0.74}, {""sold_at"": ""2025-07-24"", ""price_aud"": 28920.0, ""odometer_km"": 22402, ""match_quality"": 0.9}, {""sold_at"": ""2025-06-26"", ""price_aud"": 30400.0, ""odometer_km"": 18126, ""match_quality"": 0.95}, {""sold_at"": ""2025-06-09"", ""price_aud"": 25330.0, ""odometer_km"": 23099, ""match_quality"": 0.68}]",21800.0,2038.0,31310.0,2025-09-03
Mazda,3,G25 GT,2016,109804,small,none,fair,none,good,2,current,7880.0,8880.0,"[{""sold_at"": ""2026-05-18"", ""price_aud"": 9130.0, ""odometer_km"": 107583, ""match_quality"": 0.9}, {""sold_at"": ""2026-02-23"", ""price_aud"": 7880.0, ""odometer_km"": 122256, ""match_quality"": 0.84}, {""sold_at"": ""2026-03-06"", ""price_aud"": 7870.0, ""odometer_km"": 97743, ""match_quality"": 0.67}, {""sold_at"": ""2026-01-25"", ""price_aud"": 8390.0, ""odometer_km"": 128951, ""match_quality"": 0.77}, {""sold_at"": ""2026-05-20"", ""price_aud"": 7800.0, ""odometer_km"": 82910, ""match_quality"": 0.72}]",5230.0,2918.0,9210.0,2026-06-06
Audi,A4,40 TFSI,2017,129568,prestige,none,poor,WL:check engine light,good,2,current,18150.0,20470.0,"[{""sold_at"": ""2025-11-30"", ""price_aud"": 17720.0, ""odometer_km"": 129143, ""match_quality"": 0.74}, {""sold_at"": ""2025-12-22"", ""price_aud"": 18080.0, ""odometer_km"": 142089, ""match_quality"": 0.78}, {""sold_at"": ""2025-12-13"", ""price_aud"": 18720.0, ""odometer_km"": 137317, ""match_quality"": 0.9}]",12030.0,4183.0,21640.0,2026-03-16
Nissan,X-Trail,ST-L,2016,176866,suv,none,good,none,replace,2,current,8810.0,9930.0,"[{""sold_at"": ""2025-04-06"", ""price_aud"": 8890.0, ""odometer_km"": 175463, ""match_quality"": 0.74}, {""sold_at"": ""2024-12-20"", ""price_aud"": 9010.0, ""odometer_km"": 216997, ""match_quality"": 0.62}, {""sold_at"": ""2024-12-01"", ""price_aud"": 10200.0, ""odometer_km"": 146555, ""match_quality"": 0.62}, {""sold_at"": ""2024-12-13"", ""price_aud"": 8890.0, ""odometer_km"": 211024, ""match_quality"": 0.97}, {""sold_at"": ""2025-04-02"", ""price_aud"": 9980.0, ""odometer_km"": 133928, ""match_quality"": 0.99}, {""sold_at"": ""2024-12-16"", ""price_aud"": 9970.0, ""odometer_km"": 200656, ""match_quality"": 0.7}]",5930.0,1807.0,9880.0,2025-04-17
Mazda,3,G25 GT,2021,91252,small,full,fair,none,worn,1,current,13240.0,14920.0,"[{""sold_at"": ""2025-08-04"", ""price_aud"": 14090.0, ""odometer_km"": 112220, ""match_quality"": 0.81}, {""sold_at"": ""2025-11-30"", ""price_aud"": 13550.0, ""odometer_km"": 89272, ""match_quality"": 0.63}, {""sold_at"": ""2025-09-01"", ""price_aud"": 13380.0, ""odometer_km"": 74827, ""match_quality"": 0.88}, {""sold_at"": ""2025-07-24"", ""price_aud"": 13530.0, ""odometer_km"": 104086, ""match_quality"": 0.76}, {""sold_at"": ""2025-10-16"", ""price_aud"": 15110.0, ""odometer_km"": 70831, ""match_quality"": 0.94}]",8840.0,2786.0,16270.0,2025-12-05
Subaru,Forester,2.5i-L,2021,66272,suv,none,good,none,replace,2,current,17000.0,19180.0,"[{""sold_at"": ""2026-01-29"", ""price_aud"": 16760.0, ""odometer_km"": 51179, ""match_quality"": 0.82}, {""sold_at"": ""2026-03-30"", ""price_aud"": 17780.0, ""odometer_km"": 72362, ""match_quality"": 1.0}, {""sold_at"": ""2026-02-17"", ""price_aud"": 17210.0, ""odometer_km"": 61258, ""match_quality"": 0.73}, {""sold_at"": ""2026-03-14"", ""price_aud"": 18330.0, ""odometer_km"": 55671, ""match_quality"": 0.69}, {""sold_at"": ""2026-03-12"", ""price_aud"": 18660.0, ""odometer_km"": 73755, ""match_quality"": 0.9}, {""sold_at"": ""2026-04-14"", ""price_aud"": 16520.0, ""odometer_km"": 58306, ""match_quality"": 0.72}]",14570.0,1784.0,,2026-06-20
Nissan,Navara,ST-X,2017,169663,ute,partial,poor,none,good,1,current,12230.0,13790.0,"[{""sold_at"": ""2025-09-22"", ""price_aud"": 13290.0, ""odometer_km"": 193243, ""match_quality"": 0.87}, {""sold_at"": ""2025-09-26"", ""price_aud"": 14010.0, ""odometer_km"": 192095, ""match_quality"": 0.62}, {""sold_at"": ""2025-10-24"", ""price_aud"": 12720.0, ""odometer_km"": 157916, ""match_quality"": 0.77}, {""sold_at"": ""2025-10-02"", ""price_aud"": 11720.0, ""odometer_km"": 163376, ""match_quality"": 0.7}, {""sold_at"": ""2025-08-04"", ""price_aud"": 12000.0, ""odometer_km"": 158999, ""match_quality"": 0.94}]",7530.0,3411.0,13870.0,2025-11-17
Hyundai,Tucson,Active,2022,37928,suv,full,excellent,none,good,2,current,18880.0,21300.0,"[{""sold_at"": ""2025-09-09"", ""price_aud"": 21460.0, ""odometer_km"": 36176, ""match_quality"": 0.77}, {""sold_at"": ""2025-08-12"", ""price_aud"": 20860.0, ""odometer_km"": 34715, ""match_quality"": 0.66}, {""sold_at"": ""2025-06-08"", ""price_aud"": 19340.0, ""odometer_km"": 43083, ""match_quality"": 0.95}, {""sold_at"": ""2025-06-18"", ""price_aud"": 21930.0, ""odometer_km"": 42282, ""match_quality"": 0.91}, {""sold_at"": ""2025-06-15"", ""price_aud"": 18610.0, ""odometer_km"": 40681, ""match_quality"": 0.61}]",15020.0,368.0,21230.0,2025-09-26
Toyota,Hilux,SR,2017,142341,ute,full,fair,none,good,2,current,14020.0,15820.0,"[{""sold_at"": ""2026-01-09"", ""price_aud"": 15400.0, ""odometer_km"": 143263, ""match_quality"": 0.69}, {""sold_at"": ""2026-04-07"", ""price_aud"": 15230.0, ""odometer_km"": 144078, ""match_quality"": 0.81}, {""sold_at"": ""2026-01-07"", ""price_aud"": 15610.0, ""odometer_km"": 156035, ""match_quality"": 0.82}, {""sold_at"": ""2025-12-27"", ""price_aud"": 15360.0, ""odometer_km"": 150835, ""match_quality"": 0.63}]",10610.0,1305.0,15780.0,2026-04-30
Toyota,Kluger,GXL,2018,223010,suv,partial,good,WL:check engine light,worn,2,current,14210.0,16030.0,"[{""sold_at"": ""2025-02-23"", ""price_aud"": 14770.0, ""odometer_km"": 207282, ""match_quality"": 0.61}, {""sold_at"": ""2024-11-21"", ""price_aud"": 15540.0, ""odometer_km"": 253229, ""match_quality"": 0.7}, {""sold_at"": ""2025-01-11"", ""price_aud"": 14130.0, ""odometer_km"": 235156, ""match_quality"": 0.63}, {""sold_at"": ""2025-01-02"", ""price_aud"": 13870.0, ""odometer_km"": 259994, ""match_quality"": 0.88}]",10430.0,2894.0,17280.0,2025-03-29
Mitsubishi,Outlander,ES,2015,153834,suv,partial,poor,none,good,1,current,8260.0,9320.0,"[{""sold_at"": ""2025-08-02"", ""price_aud"": 8710.0, ""odometer_km"": 185863, ""match_quality"": 0.87}, {""sold_at"": ""2025-09-18"", ""price_aud"": 8540.0, ""odometer_km"": 121556, ""match_quality"": 0.63}, {""sold_at"": ""2025-10-13"", ""price_aud"": 9240.0, ""odometer_km"": 115710, ""match_quality"": 0.76}]",3050.0,6116.0,9410.0,2025-12-02
Volkswagen,Tiguan,162TSI R-Line,2025,17329,suv,partial,fair,none,good,1,expired,30680.0,34600.0,"[{""sold_at"": ""2024-12-15"", ""price_aud"": 32260.0, ""odometer_km"": 19404, ""match_quality"": 0.72}, {""sold_at"": ""2025-02-17"", ""price_aud"": 34320.0, ""odometer_km"": 16802, ""match_quality"": 0.91}, {""sold_at"": ""2024-12-16"", ""price_aud"": 32390.0, ""odometer_km"": 14291, ""match_quality"": 0.83}, {""sold_at"": ""2025-04-12"", ""price_aud"": 34780.0, ""odometer_km"": 21558, ""match_quality"": 0.61}, {""sold_at"": ""2025-01-20"", ""price_aud"": 34050.0, ""odometer_km"": 17239, ""match_quality"": 0.98}]",27480.0,1548.0,37970.0,2025-05-06
Toyota,Kluger,GXL,2024,28437,suv,full,good,none,new,1,current,33880.0,38200.0,"[{""sold_at"": ""2025-11-02"", ""price_aud"": 35770.0, ""odometer_km"": 32360, ""match_quality"": 0.8}, {""sold_at"": ""2025-09-26"", ""price_aud"": 39460.0, ""odometer_km"": 27505, ""match_quality"": 0.76}, {""sold_at"": ""2025-11-18"", ""price_aud"": 36880.0, ""odometer_km"": 32090, ""match_quality"": 0.65}, {""sold_at"": ""2025-10-19"", ""price_aud"": 39620.0, ""odometer_km"": 21582, ""match_quality"": 0.86}, {""sold_at"": ""2026-01-10"", ""price_aud"": 39550.0, ""odometer_km"": 21383, ""match_quality"": 0.81}, {""sold_at"": ""2025-10-01"", ""price_aud"": 34790.0, ""odometer_km"": 32742, ""match_quality"": 0.88}]",31540.0,1411.0,39150.0,2026-01-28
Mazda,3,G20 Pure,2021,90447,small,full,fair,none,worn,1,current,13250.0,14950.0,"[{""sold_at"": ""2026-01-29"", ""price_aud"": 14100.0, ""odometer_km"": 88182, ""match_quality"": 0.82}, {""sold_at"": ""2026-01-25"", ""price_aud"": 14660.0, ""odometer_km"": 97018, ""match_quality"": 0.81}, {""sold_at"": ""2025-11-18"", ""price_aud"": 14330.0, ""odometer_km"": 91392, ""match_quality"": 0.91}, {""sold_at"": ""2025-12-26"", ""price_aud"": 13010.0, ""odometer_km"": 102426, ""match_quality"": 1.0}]",9430.0,1920.0,14850.0,2026-02-27
Mitsubishi,Triton,GLX+,2025,15972,ute,full,good,none,good,2,current,31410.0,35410.0,"[{""sold_at"": ""2026-02-17"", ""price_aud"": 35760.0, ""odometer_km"": 12713, ""match_quality"": 0.74}, {""sold_at"": ""2026-02-13"", ""price_aud"": 36590.0, ""odometer_km"": 15731, ""match_quality"": 0.79}, {""sold_at"": ""2026-04-14"", ""price_aud"": 32740.0, ""odometer_km"": 14066, ""match_quality"": 0.87}, {""sold_at"": ""2026-02-15"", ""price_aud"": 33090.0, ""odometer_km"": 17677, ""match_quality"": 0.7}, {""sold_at"": ""2026-04-21"", ""price_aud"": 30560.0, ""odometer_km"": 15206, ""match_quality"": 0.64}]",28680.0,648.0,,2026-05-29
Ford,Focus,Trend,2018,94218,small,partial,good,WL:check engine light,good,2,current,8620.0,9720.0,"[{""sold_at"": ""2025-12-27"", ""price_aud"": 9260.0, ""odometer_km"": 90129, ""match_quality"": 0.66}, {""sold_at"": ""2025-12-07"", ""price_aud"": 8800.0, ""odometer_km"": 101288, ""match_quality"": 0.83}, {""sold_at"": ""2026-01-08"", ""price_aud"": 9380.0, ""odometer_km"": 86088, ""match_quality"": 0.61}, {""sold_at"": ""2025-12-25"", ""price_aud"": 9970.0, ""odometer_km"": 105537, ""match_quality"": 0.91}, {""sold_at"": ""2025-10-10"", ""price_aud"": 9960.0, ""odometer_km"": 100351, ""match_quality"": 0.71}]",6060.0,2405.0,10830.0,2026-01-21
Toyota,Camry,Ascent,2020,95324,medium,full,poor,none,worn,2,current,15250.0,17190.0,"[{""sold_at"": ""2026-01-12"", ""price_aud"": 17090.0, ""odometer_km"": 76476, ""match_quality"": 0.82}, {""sold_at"": ""2026-04-05"", ""price_aud"": 17710.0, ""odometer_km"": 71895, ""match_quality"": 0.94}, {""sold_at"": ""2026-01-09"", ""price_aud"": 17720.0, ""odometer_km"": 91038, ""match_quality"": 0.76}, {""sold_at"": ""2026-01-10"", ""price_aud"": 17430.0, ""odometer_km"": 101488, ""match_quality"": 0.69}]",11220.0,2994.0,19020.0,2026-06-06
Hyundai,i30,Active,2017,159306,small,none,good,aircon weak,good,2,current,7450.0,8410.0,"[{""sold_at"": ""2025-03-03"", ""price_aud"": 8360.0, ""odometer_km"": 132341, ""match_quality"": 0.93}, {""sold_at"": ""2025-04-25"", ""price_aud"": 7870.0, ""odometer_km"": 129752, ""match_quality"": 0.96}, {""sold_at"": ""2025-03-07"", ""price_aud"": 7620.0, ""odometer_km"": 122781, ""match_quality"": 0.78}, {""sold_at"": ""2025-04-26"", ""price_aud"": 7410.0, ""odometer_km"": 164105, ""match_quality"": 0.92}]",5620.0,1440.0,8740.0,2025-05-14
Toyota,Landcruiser Prado,GXL,2020,73589,suv,none,good,aircon weak,new,2,current,26770.0,30190.0,"[{""sold_at"": ""2025-07-22"", ""price_aud"": 30760.0, ""odometer_km"": 68221, ""match_quality"": 0.96}, {""sold_at"": ""2025-07-30"", ""price_aud"": 27830.0, ""odometer_km"": 58723, ""match_quality"": 0.6}, {""sold_at"": ""2025-08-02"", ""price_aud"": 28900.0, ""odometer_km"": 72196, ""match_quality"": 0.69}, {""sold_at"": ""2025-07-16"", ""price_aud"": 28550.0, ""odometer_km"": 69935, ""match_quality"": 0.78}, {""sold_at"": ""2025-07-09"", ""price_aud"": 28570.0, ""odometer_km"": 65214, ""match_quality"": 0.79}]",18230.0,4070.0,,2025-08-07
Mitsubishi,Outlander,LS,2017,91707,suv,partial,good,none,good,2,current,10760.0,12140.0,"[{""sold_at"": ""2026-05-14"", ""price_aud"": 11710.0, ""odometer_km"": 82400, ""match_quality"": 0.94}, {""sold_at"": ""2026-03-29"", ""price_aud"": 11720.0, ""odometer_km"": 73741, ""match_quality"": 0.92}, {""sold_at"": ""2026-05-14"", ""price_aud"": 11080.0, ""odometer_km"": 88153, ""match_quality"": 0.89}, {""sold_at"": ""2026-05-21"", ""price_aud"": 10360.0, ""odometer_km"": 80856, ""match_quality"": 0.69}, {""sold_at"": ""2026-06-11"", ""price_aud"": 10450.0, ""odometer_km"": 111447, ""match_quality"": 0.89}, {""sold_at"": ""2026-04-30"", ""price_aud"": 12110.0, ""odometer_km"": 101587, ""match_quality"": 0.82}]",8680.0,1423.0,12900.0,2026-07-07
Mercedes-Benz,C-Class,C200,2016,160811,prestige,full,fair,none,good,2,current,18070.0,20370.0,"[{""sold_at"": ""2025-06-17"", ""price_aud"": 19580.0, ""odometer_km"": 128840, ""match_quality"": 0.62}, {""sold_at"": ""2025-06-14"", ""price_aud"": 19440.0, ""odometer_km"": 180096, ""match_quality"": 0.77}, {""sold_at"": ""2025-04-14"", ""price_aud"": 18390.0, ""odometer_km"": 186774, ""match_quality"": 0.61}, {""sold_at"": ""2025-04-17"", ""price_aud"": 18250.0, ""odometer_km"": 146176, ""match_quality"": 0.62}]",14720.0,874.0,22790.0,2025-09-05
Kia,Sportage,GT-Line,2022,68393,suv,partial,good,none,worn,2,current,17780.0,20060.0,"[{""sold_at"": ""2025-08-02"", ""price_aud"": 17100.0, ""odometer_km"": 57838, ""match_quality"": 0.73}, {""sold_at"": ""2025-06-17"", ""price_aud"": 17800.0, ""odometer_km"": 67634, ""match_quality"": 0.66}, {""sold_at"": ""2025-10-29"", ""price_aud"": 18470.0, ""odometer_km"": 64795, ""match_quality"": 0.62}]",13310.0,1156.0,21340.0,2025-11-13
Volkswagen,Golf,110TSI Life,2022,107283,small,partial,excellent,none,worn,1,current,15440.0,17420.0,"[{""sold_at"": ""2026-02-02"", ""price_aud"": 16180.0, ""odometer_km"": 103206, ""match_quality"": 0.93}, {""sold_at"": ""2026-03-09"", ""price_aud"": 15110.0, ""odometer_km"": 108196, ""match_quality"": 0.78}, {""sold_at"": ""2026-01-06"", ""price_aud"": 14970.0, ""odometer_km"": 84991, ""match_quality"": 1.0}]",11980.0,1854.0,18630.0,2026-05-10
Nissan,X-Trail,ST,2025,17855,suv,partial,poor,none,good,1,current,26090.0,29430.0,"[{""sold_at"": ""2025-12-16"", ""price_aud"": 29700.0, ""odometer_km"": 20996, ""match_quality"": 0.67}, {""sold_at"": ""2025-11-26"", ""price_aud"": 28120.0, ""odometer_km"": 15482, ""match_quality"": 0.95}, {""sold_at"": ""2026-02-05"", ""price_aud"": 27310.0, ""odometer_km"": 14792, ""match_quality"": 0.94}]",18420.0,3657.0,30730.0,2026-02-13
Volkswagen,Golf,R-Line,2018,98663,small,partial,fair,none,good,1,current,10660.0,12020.0,"[{""sold_at"": ""2026-07-21"", ""price_aud"": 11910.0, ""odometer_km"": 107952, ""match_quality"": 0.93}, {""sold_at"": ""2026-03-15"", ""price_aud"": 10890.0, ""odometer_km"": 100597, ""match_quality"": 0.76}, {""sold_at"": ""2026-05-01"", ""price_aud"": 10970.0, ""odometer_km"": 86781, ""match_quality"": 0.71}, {""sold_at"": ""2026-03-31"", ""price_aud"": 10570.0, ""odometer_km"": 96746, ""match_quality"": 0.75}]",7110.0,1788.0,12270.0,2026-07-26
Hyundai,i30,N Line,2021,107277,small,partial,good,none,worn,2,current,11730.0,13230.0,"[{""sold_at"": ""2025-04-26"", ""price_aud"": 11890.0, ""odometer_km"": 109112, ""match_quality"": 0.96}, {""sold_at"": ""2025-04-21"", ""price_aud"": 11560.0, ""odometer_km"": 128148, ""match_quality"": 0.83}, {""sold_at"": ""2025-06-03"", ""price_aud"": 13200.0, ""odometer_km"": 83252, ""match_quality"": 0.9}, {""sold_at"": ""2025-04-17"", ""price_aud"": 13380.0, ""odometer_km"": 118227, ""match_quality"": 0.62}, {""sold_at"": ""2025-06-06"", ""price_aud"": 12740.0, ""odometer_km"": 93641, ""match_quality"": 0.9}, {""sold_at"": ""2025-05-28"", ""price_aud"": 11650.0, ""odometer_km"": 90141, ""match_quality"": 0.68}]",9320.0,1887.0,14400.0,2025-06-25
Mitsubishi,Triton,GLX,2025,14318,ute,partial,good,none,good,2,current,31470.0,35490.0,"[{""sold_at"": ""2025-10-27"", ""price_aud"": 32500.0, ""odometer_km"": 17297, ""match_quality"": 0.74}, {""sold_at"": ""2025-09-23"", ""price_aud"": 33470.0, ""odometer_km"": 13281, ""match_quality"": 0.86}, {""sold_at"": ""2025-09-24"", ""price_aud"": 30540.0, ""odometer_km"": 15769, ""match_quality"": 0.73}, {""sold_at"": ""2025-08-21"", ""price_aud"": 30450.0, ""odometer_km"": 13487, ""match_quality"": 0.79}, {""sold_at"": ""2025-10-06"", ""price_aud"": 35670.0, ""odometer_km"": 15104, ""match_quality"": 0.79}, {""sold_at"": ""2025-11-17"", ""price_aud"": 33580.0, ""odometer_km"": 16719, ""match_quality"": 0.94}]",24330.0,3001.0,39260.0,2026-01-18
Mazda,3,G20 Evolve,2015,164212,small,full,good,none,new,1,current,6750.0,7610.0,"[{""sold_at"": ""2025-10-16"", ""price_aud"": 7320.0, ""odometer_km"": 139742, ""match_quality"": 0.99}, {""sold_at"": ""2025-07-26"", ""price_aud"": 7460.0, ""odometer_km"": 176188, ""match_quality"": 0.84}, {""sold_at"": ""2025-08-07"", ""price_aud"": 7090.0, ""odometer_km"": 176597, ""match_quality"": 1.0}, {""sold_at"": ""2025-09-11"", ""price_aud"": 7600.0, ""odometer_km"": 165375, ""match_quality"": 0.65}, {""sold_at"": ""2025-10-21"", ""price_aud"": 7280.0, ""odometer_km"": 158938, ""match_quality"": 0.92}]",5680.0,1343.0,8210.0,2025-10-29
Volkswagen,Tiguan,162TSI R-Line,2022,92477,suv,none,fair,none,good,1,current,20650.0,23290.0,"[{""sold_at"": ""2026-02-05"", ""price_aud"": 22230.0, ""odometer_km"": 71913, ""match_quality"": 0.79}, {""sold_at"": ""2026-02-28"", ""price_aud"": 20030.0, ""odometer_km"": 84511, ""match_quality"": 0.78}, {""sold_at"": ""2026-02-17"", ""price_aud"": 21790.0, ""odometer_km"": 75216, ""match_quality"": 0.81}, {""sold_at"": ""2026-04-08"", ""price_aud"": 23230.0, ""odometer_km"": 75013, ""match_quality"": 0.86}, {""sold_at"": ""2026-01-18"", ""price_aud"": 21660.0, ""odometer_km"": 113027, ""match_quality"": 0.77}, {""sold_at"": ""2025-12-15"", ""price_aud"": 23930.0, ""odometer_km"": 77143, ""match_quality"": 0.83}]",15960.0,2463.0,,2026-05-12
Volkswagen,Tiguan,162TSI R-Line,2021,61151,suv,partial,good,none,good,1,current,19590.0,22090.0,"[{""sold_at"": ""2025-03-17"", ""price_aud"": 19110.0, ""odometer_km"": 70999, ""match_quality"": 0.81}, {""sold_at"": ""2025-03-12"", ""price_aud"": 19470.0, ""odometer_km"": 51007, ""match_quality"": 0.69}, {""sold_at"": ""2025-01-06"", ""price_aud"": 22130.0, ""odometer_km"": 56236, ""match_quality"": 0.86}, {""sold_at"": ""2024-12-02"", ""price_aud"": 19720.0, ""odometer_km"": 58539, ""match_quality"": 0.9}, {""sold_at"": ""2025-04-21"", ""price_aud"": 21980.0, ""odometer_km"": 68785, ""match_quality"": 0.69}]",16910.0,1401.0,24280.0,2025-04-28
Ford,Ranger,Wildtrak,2024,32357,ute,none,fair,none,new,1,current,33700.0,38000.0,"[{""sold_at"": ""2025-07-24"", ""price_aud"": 35870.0, ""odometer_km"": 28931, ""match_quality"": 0.72}, {""sold_at"": ""2025-04-12"", ""price_aud"": 37730.0, ""odometer_km"": 28897, ""match_quality"": 0.64}, {""sold_at"": ""2025-05-25"", ""price_aud"": 33090.0, ""odometer_km"": 32422, ""match_quality"": 0.71}, {""sold_at"": ""2025-08-16"", ""price_aud"": 32660.0, ""odometer_km"": 40156, ""match_quality"": 0.74}, {""sold_at"": ""2025-05-27"", ""price_aud"": 34020.0, ""odometer_km"": 28807, ""match_quality"": 0.91}]",25820.0,2474.0,39960.0,2025-08-29
Toyota,Landcruiser Prado,GX,2024,30066,suv,partial,good,WL:check engine light,good,2,current,41980.0,47340.0,"[{""sold_at"": ""2025-11-08"", ""price_aud"": 47820.0, ""odometer_km"": 26172, ""match_quality"": 1.0}, {""sold_at"": ""2026-01-07"", ""price_aud"": 48060.0, ""odometer_km"": 26385, ""match_quality"": 0.78}, {""sold_at"": ""2025-10-16"", ""price_aud"": 47180.0, ""odometer_km"": 33159, ""match_quality"": 0.88}]",30740.0,2261.0,48070.0,2026-01-16
Mazda,CX-5,Maxx Sport,2024,34305,suv,full,good,none,new,1,unregistered,24340.0,27440.0,"[{""sold_at"": ""2025-06-15"", ""price_aud"": 27860.0, ""odometer_km"": 31593, ""match_quality"": 0.89}, {""sold_at"": ""2025-09-25"", ""price_aud"": 25720.0, ""odometer_km"": 39983, ""match_quality"": 0.84}, {""sold_at"": ""2025-09-13"", ""price_aud"": 28200.0, ""odometer_km"": 39471, ""match_quality"": 0.88}]",18400.0,1766.0,29700.0,2025-10-03
Mazda,3,G20 Evolve,2025,11236,small,full,poor,none,good,2,current,21700.0,24480.0,"[{""sold_at"": ""2026-02-05"", ""price_aud"": 24750.0, ""odometer_km"": 13400, ""match_quality"": 0.93}, {""sold_at"": ""2025-11-29"", ""price_aud"": 23280.0, ""odometer_km"": 13910, ""match_quality"": 0.81}, {""sold_at"": ""2025-12-17"", ""price_aud"": 22560.0, ""odometer_km"": 11490, ""match_quality"": 0.67}]",17280.0,1938.0,26830.0,2026-03-05
Nissan,Navara,ST-X,2019,39688,ute,partial,good,none,good,2,current,17340.0,19560.0,"[{""sold_at"": ""2024-11-12"", ""price_aud"": 17270.0, ""odometer_km"": 31211, ""match_quality"": 0.7}, {""sold_at"": ""2024-11-26"", ""price_aud"": 17960.0, ""odometer_km"": 48691, ""match_quality"": 0.66}, {""sold_at"": ""2025-02-22"", ""price_aud"": 19290.0, ""odometer_km"": 45795, ""match_quality"": 0.8}, {""sold_at"": ""2024-12-26"", ""price_aud"": 18630.0, ""odometer_km"": 36757, ""match_quality"": 0.62}, {""sold_at"": ""2025-02-18"", ""price_aud"": 17280.0, ""odometer_km"": 38792, ""match_quality"": 0.8}]",12990.0,2270.0,20330.0,2025-03-25
Mitsubishi,Outlander,ES,2024,38129,suv,full,poor,WL:abs; rear brakes,good,1,current,23040.0,25980.0,"[{""sold_at"": ""2025-12-12"", ""price_aud"": 25670.0, ""odometer_km"": 41592, ""match_quality"": 0.8}, {""sold_at"": ""2025-11-26"", ""price_aud"": 22230.0, ""odometer_km"": 42033, ""match_quality"": 0.92}, {""sold_at"": ""2025-09-13"", ""price_aud"": 26690.0, ""odometer_km"": 33664, ""match_quality"": 0.62}, {""sold_at"": ""2025-08-07"", ""price_aud"": 22250.0, ""odometer_km"": 32833, ""match_quality"": 0.89}, {""sold_at"": ""2025-08-07"", ""price_aud"": 22640.0, ""odometer_km"": 39580, ""match_quality"": 0.67}]",18020.0,3262.0,26790.0,2025-12-24
Mercedes-Benz,C-Class,C43,2016,72330,prestige,full,good,none,worn,2,current,19790.0,22310.0,"[{""sold_at"": ""2025-06-15"", ""price_aud"": 21300.0, ""odometer_km"": 60403, ""match_quality"": 0.6}, {""sold_at"": ""2025-04-26"", ""price_aud"": 21270.0, ""odometer_km"": 86910, ""match_quality"": 0.83}, {""sold_at"": ""2025-04-22"", ""price_aud"": 22550.0, ""odometer_km"": 67460, ""match_quality"": 0.91}, {""sold_at"": ""2025-05-12"", ""price_aud"": 21050.0, ""odometer_km"": 71321, ""match_quality"": 0.74}, {""sold_at"": ""2025-05-17"", ""price_aud"": 19360.0, ""odometer_km"": 56983, ""match_quality"": 0.92}]",14340.0,2756.0,24940.0,2025-09-03
Audi,A4,45 TFSI,2024,24401,prestige,partial,excellent,none,replace,2,current,41050.0,46290.0,"[{""sold_at"": ""2025-07-17"", ""price_aud"": 42170.0, ""odometer_km"": 20491, ""match_quality"": 0.76}, {""sold_at"": ""2025-07-03"", ""price_aud"": 45670.0, ""odometer_km"": 23417, ""match_quality"": 0.88}, {""sold_at"": ""2025-06-25"", ""price_aud"": 39530.0, ""odometer_km"": 27441, ""match_quality"": 0.99}]",36580.0,2719.0,46450.0,2025-08-17
Mitsubishi,Triton,GLX+,2024,27157,ute,partial,fair,none,new,2,current,28070.0,31650.0,"[{""sold_at"": ""2025-09-08"", ""price_aud"": 30630.0, ""odometer_km"": 27005, ""match_quality"": 0.73}, {""sold_at"": ""2025-11-03"", ""price_aud"": 29380.0, ""odometer_km"": 25543, ""match_quality"": 0.75}, {""sold_at"": ""2025-11-30"", ""price_aud"": 32380.0, ""odometer_km"": 29605, ""match_quality"": 0.81}, {""sold_at"": ""2025-08-02"", ""price_aud"": 31000.0, ""odometer_km"": 23028, ""match_quality"": 0.74}]",26530.0,1290.0,33000.0,2025-12-27
Nissan,X-Trail,Ti,2024,27336,suv,full,good,WL:abs; rear brakes,replace,2,current,23390.0,26370.0,"[{""sold_at"": ""2025-06-03"", ""price_aud"": 23940.0, ""odometer_km"": 32163, ""match_quality"": 0.83}, {""sold_at"": ""2025-05-11"", ""price_aud"": 26410.0, ""odometer_km"": 25440, ""match_quality"": 0.63}, {""sold_at"": ""2025-03-31"", ""price_aud"": 22750.0, ""odometer_km"": 27036, ""match_quality"": 0.7}, {""sold_at"": ""2025-06-17"", ""price_aud"": 25050.0, ""odometer_km"": 23215, ""match_quality"": 0.99}]",16080.0,4230.0,27860.0,2025-06-22
Honda,CR-V,Vi,2025,20625,suv,full,good,none,good,2,current,27290.0,30770.0,"[{""sold_at"": ""2026-01-26"", ""price_aud"": 28990.0, ""odometer_km"": 25001, ""match_quality"": 0.87}, {""sold_at"": ""2025-11-08"", ""price_aud"": 27030.0, ""odometer_km"": 21451, ""match_quality"": 0.98}, {""sold_at"": ""2026-01-01"", ""price_aud"": 29110.0, ""odometer_km"": 23113, ""match_quality"": 0.82}]",23640.0,571.0,32530.0,2026-02-21
Tesla,Model 3,Long Range,2021,57052,prestige,none,poor,WL:check engine light,good,2,current,27200.0,30680.0,"[{""sold_at"": ""2025-08-20"", ""price_aud"": 31120.0, ""odometer_km"": 56071, ""match_quality"": 0.92}, {""sold_at"": ""2025-08-03"", ""price_aud"": 26710.0, ""odometer_km"": 62012, ""match_quality"": 0.62}, {""sold_at"": ""2025-09-24"", ""price_aud"": 28930.0, ""odometer_km"": 56674, ""match_quality"": 0.85}, {""sold_at"": ""2025-08-15"", ""price_aud"": 31420.0, ""odometer_km"": 44303, ""match_quality"": 0.67}]",22660.0,4721.0,31150.0,2025-10-16
Audi,A4,45 TFSI,2025,13173,prestige,full,good,none,good,2,current,45950.0,51810.0,"[{""sold_at"": ""2025-08-02"", ""price_aud"": 47160.0, ""odometer_km"": 12865, ""match_quality"": 0.95}, {""sold_at"": ""2025-07-07"", ""price_aud"": 44900.0, ""odometer_km"": 9977, ""match_quality"": 0.61}, {""sold_at"": ""2025-07-22"", ""price_aud"": 45830.0, ""odometer_km"": 13976, ""match_quality"": 0.76}, {""sold_at"": ""2025-07-20"", ""price_aud"": 46560.0, ""odometer_km"": 12753, ""match_quality"": 0.92}, {""sold_at"": ""2025-04-22"", ""price_aud"": 46110.0, ""odometer_km"": 13517, ""match_quality"": 0.88}]",43110.0,323.0,58880.0,2025-08-22
Tesla,Model 3,RWD,2024,25055,prestige,none,excellent,none,good,1,current,38090.0,42950.0,"[{""sold_at"": ""2025-09-04"", ""price_aud"": 37830.0, ""odometer_km"": 30725, ""match_quality"": 0.86}, {""sold_at"": ""2025-09-22"", ""price_aud"": 36990.0, ""odometer_km"": 29466, ""match_quality"": 0.6}, {""sold_at"": ""2025-12-12"", ""price_aud"": 38300.0, ""odometer_km"": 25453, ""match_quality"": 0.8}]",33880.0,888.0,,2026-01-22
Mitsubishi,Triton,GLX,2021,68698,ute,partial,good,aircon weak,worn,2,current,19850.0,22390.0,"[{""sold_at"": ""2025-10-29"", ""price_aud"": 22190.0, ""odometer_km"": 78156, ""match_quality"": 0.7}, {""sold_at"": ""2025-11-21"", ""price_aud"": 20050.0, ""odometer_km"": 57437, ""match_quality"": 0.91}, {""sold_at"": ""2025-11-05"", ""price_aud"": 19320.0, ""odometer_km"": 69680, ""match_quality"": 0.67}]",14140.0,1976.0,25760.0,2026-02-26
Subaru,Forester,2.5i,2024,19908,suv,full,good,none,good,2,current,24150.0,27230.0,"[{""sold_at"": ""2025-02-24"", ""price_aud"": 27510.0, ""odometer_km"": 23973, ""match_quality"": 0.79}, {""sold_at"": ""2025-02-14"", ""price_aud"": 25710.0, ""odometer_km"": 21031, ""match_quality"": 0.64}, {""sold_at"": ""2025-04-21"", ""price_aud"": 27590.0, ""odometer_km"": 15564, ""match_quality"": 0.85}, {""sold_at"": ""2025-01-20"", ""price_aud"": 26420.0, ""odometer_km"": 18636, ""match_quality"": 0.83}]",21540.0,664.0,,2025-05-12
Audi,A4,45 TFSI,2023,67311,prestige,full,good,WL:check engine light,good,2,current,35110.0,39590.0,"[{""sold_at"": ""2025-09-16"", ""price_aud"": 34510.0, ""odometer_km"": 61059, ""match_quality"": 0.99}, {""sold_at"": ""2025-10-14"", ""price_aud"": 37500.0, ""odometer_km"": 68432, ""match_quality"": 0.89}, {""sold_at"": ""2025-07-19"", ""price_aud"": 40040.0, ""odometer_km"": 67252, ""match_quality"": 0.83}, {""sold_at"": ""2025-09-04"", ""price_aud"": 40940.0, ""odometer_km"": 76467, ""match_quality"": 0.82}, {""sold_at"": ""2025-07-22"", ""price_aud"": 35430.0, ""odometer_km"": 82529, ""match_quality"": 0.62}]",32440.0,1331.0,,2025-11-30
Nissan,X-Trail,ST-L,2020,89842,suv,full,good,none,replace,2,current,14640.0,16500.0,"[{""sold_at"": ""2026-01-13"", ""price_aud"": 14510.0, ""odometer_km"": 85597, ""match_quality"": 0.94}, {""sold_at"": ""2026-01-19"", ""price_aud"": 14560.0, ""odometer_km"": 104532, ""match_quality"": 0.66}, {""sold_at"": ""2025-12-25"", ""price_aud"": 15770.0, ""odometer_km"": 74611, ""match_quality"": 0.98}, {""sold_at"": ""2025-12-16"", ""price_aud"": 16920.0, ""odometer_km"": 93155, ""match_quality"": 0.71}, {""sold_at"": ""2026-01-17"", ""price_aud"": 14530.0, ""odometer_km"": 106457, ""match_quality"": 0.61}]",11170.0,672.0,18600.0,2026-03-12
Ford,Focus,ST-Line,2017,49567,small,full,good,WL:check engine light,worn,2,unregistered,8120.0,9160.0,"[{""sold_at"": ""2024-11-20"", ""price_aud"": 8870.0, ""odometer_km"": 47510, ""match_quality"": 0.93}, {""sold_at"": ""2025-03-15"", ""price_aud"": 7790.0, ""odometer_km"": 56207, ""match_quality"": 0.61}, {""sold_at"": ""2025-01-23"", ""price_aud"": 8410.0, ""odometer_km"": 59835, ""match_quality"": 0.62}]",3740.0,2590.0,10200.0,2025-03-24
Mazda,3,G25 GT,2024,39231,small,partial,good,WL:check engine light,good,1,current,18980.0,21400.0,"[{""sold_at"": ""2025-05-26"", ""price_aud"": 18220.0, ""odometer_km"": 35696, ""match_quality"": 0.96}, {""sold_at"": ""2025-03-13"", ""price_aud"": 19570.0, ""odometer_km"": 48690, ""match_quality"": 0.66}, {""sold_at"": ""2025-05-12"", ""price_aud"": 18610.0, ""odometer_km"": 48781, ""match_quality"": 0.86}, {""sold_at"": ""2025-03-21"", ""price_aud"": 21510.0, ""odometer_km"": 48912, ""match_quality"": 0.67}, {""sold_at"": ""2025-05-26"", ""price_aud"": 19730.0, ""odometer_km"": 48618, ""match_quality"": 0.78}, {""sold_at"": ""2025-05-09"", ""price_aud"": 19370.0, ""odometer_km"": 34938, ""match_quality"": 0.62}]",13760.0,3283.0,,2025-06-17
Volkswagen,Golf,R-Line,2024,24284,small,none,good,none,replace,2,current,21110.0,23810.0,"[{""sold_at"": ""2025-06-09"", ""price_aud"": 22980.0, ""odometer_km"": 26964, ""match_quality"": 0.69}, {""sold_at"": ""2025-04-09"", ""price_aud"": 22470.0, ""odometer_km"": 18811, ""match_quality"": 0.65}, {""sold_at"": ""2025-03-17"", ""price_aud"": 23020.0, ""odometer_km"": 26029, ""match_quality"": 0.97}]",18400.0,2088.0,,2025-08-07
Volkswagen,Golf,110TSI,2024,33538,small,full,excellent,none,worn,2,current,20880.0,23540.0,"[{""sold_at"": ""2025-09-29"", ""price_aud"": 23930.0, ""odometer_km"": 37954, ""match_quality"": 0.72}, {""sold_at"": ""2025-08-02"", ""price_aud"": 20750.0, ""odometer_km"": 30216, ""match_quality"": 0.61}, {""sold_at"": ""2025-10-02"", ""price_aud"": 20450.0, ""odometer_km"": 31677, ""match_quality"": 0.65}, {""sold_at"": ""2025-11-08"", ""price_aud"": 21120.0, ""odometer_km"": 36258, ""match_quality"": 0.67}, {""sold_at"": ""2025-09-02"", ""price_aud"": 20460.0, ""odometer_km"": 26823, ""match_quality"": 0.81}]",16140.0,630.0,25590.0,2025-12-08
Ford,Focus,ST-Line,2024,21311,small,partial,good,none,new,1,current,17060.0,19240.0,"[{""sold_at"": ""2025-12-01"", ""price_aud"": 19410.0, ""odometer_km"": 24110, ""match_quality"": 0.8}, {""sold_at"": ""2025-12-11"", ""price_aud"": 17970.0, ""odometer_km"": 24954, ""match_quality"": 0.81}, {""sold_at"": ""2025-08-18"", ""price_aud"": 17430.0, ""odometer_km"": 20314, ""match_quality"": 0.8}, {""sold_at"": ""2025-10-20"", ""price_aud"": 17890.0, ""odometer_km"": 21227, ""match_quality"": 0.77}, {""sold_at"": ""2025-09-02"", ""price_aud"": 18750.0, ""odometer_km"": 16312, ""match_quality"": 0.88}]",13210.0,2222.0,20310.0,2025-12-16
Honda,CR-V,VTi,2017,141824,suv,partial,poor,WL:check engine light,good,2,unregistered,10730.0,12090.0,"[{""sold_at"": ""2025-04-01"", ""price_aud"": 12300.0, ""odometer_km"": 145096, ""match_quality"": 0.71}, {""sold_at"": ""2025-03-01"", ""price_aud"": 11210.0, ""odometer_km"": 124196, ""match_quality"": 0.72}, {""sold_at"": ""2025-02-05"", ""price_aud"": 10690.0, ""odometer_km"": 148251, ""match_quality"": 0.69}, {""sold_at"": ""2024-11-23"", ""price_aud"": 12420.0, ""odometer_km"": 149182, ""match_quality"": 0.7}, {""sold_at"": ""2025-02-18"", ""price_aud"": 10370.0, ""odometer_km"": 155107, ""match_quality"": 0.81}]",7550.0,2450.0,,2025-04-15
Nissan,X-Trail,ST,2025,21318,suv,full,good,none,replace,2,current,25960.0,29280.0,"[{""sold_at"": ""2025-07-19"", ""price_aud"": 29830.0, ""odometer_km"": 24420, ""match_quality"": 0.97}, {""sold_at"": ""2025-04-13"", ""price_aud"": 29560.0, ""odometer_km"": 22983, ""match_quality"": 0.73}, {""sold_at"": ""2025-06-05"", ""price_aud"": 28310.0, ""odometer_km"": 21116, ""match_quality"": 0.71}, {""sold_at"": ""2025-03-19"", ""price_aud"": 27650.0, ""odometer_km"": 22040, ""match_quality"": 0.9}]",22090.0,1004.0,33090.0,2025-08-03
Honda,Civic,VTi-S,2017,113067,small,full,excellent,none,good,2,current,8960.0,10100.0,"[{""sold_at"": ""2025-04-08"", ""price_aud"": 9080.0, ""odometer_km"": 100393, ""match_quality"": 0.75}, {""sold_at"": ""2025-07-13"", ""price_aud"": 10180.0, ""odometer_km"": 102364, ""match_quality"": 0.85}, {""sold_at"": ""2025-04-23"", ""price_aud"": 10380.0, ""odometer_km"": 98095, ""match_quality"": 1.0}]",6700.0,437.0,10480.0,2025-08-17
Honda,CR-V,Vi,2016,129108,suv,full,good,WL:check engine light,good,2,current,9840.0,11100.0,"[{""sold_at"": ""2026-02-24"", ""price_aud"": 10190.0, ""odometer_km"": 136261, ""match_quality"": 0.88}, {""sold_at"": ""2025-12-23"", ""price_aud"": 10400.0, ""odometer_km"": 140898, ""match_quality"": 0.73}, {""sold_at"": ""2025-12-07"", ""price_aud"": 9460.0, ""odometer_km"": 129771, ""match_quality"": 0.65}, {""sold_at"": ""2026-04-14"", ""price_aud"": 11360.0, ""odometer_km"": 98534, ""match_quality"": 0.68}, {""sold_at"": ""2025-12-30"", ""price_aud"": 11510.0, ""odometer_km"": 138116, ""match_quality"": 0.99}, {""sold_at"": ""2026-01-13"", ""price_aud"": 11430.0, ""odometer_km"": 130792, ""match_quality"": 0.6}]",7770.0,1786.0,11360.0,2026-04-24
Honda,CR-V,Vi,2020,107325,suv,partial,good,none,good,1,current,14960.0,16880.0,"[{""sold_at"": ""2025-02-19"", ""price_aud"": 15810.0, ""odometer_km"": 119591, ""match_quality"": 0.99}, {""sold_at"": ""2025-02-26"", ""price_aud"": 15450.0, ""odometer_km"": 125036, ""match_quality"": 0.96}, {""sold_at"": ""2025-03-31"", ""price_aud"": 14500.0, ""odometer_km"": 101560, ""match_quality"": 0.84}, {""sold_at"": ""2025-02-24"", ""price_aud"": 15880.0, ""odometer_km"": 117381, ""match_quality"": 0.62}]",12170.0,1452.0,,2025-06-30
Mitsubishi,Outlander,ES,2017,104557,suv,partial,good,WL:abs; rear brakes,good,2,current,10630.0,11990.0,"[{""sold_at"": ""2025-06-14"", ""price_aud"": 11430.0, ""odometer_km"": 114927, ""match_quality"": 0.98}, {""sold_at"": ""2025-07-08"", ""price_aud"": 12260.0, ""odometer_km"": 118271, ""match_quality"": 0.76}, {""sold_at"": ""2025-08-22"", ""price_aud"": 11280.0, ""odometer_km"": 105183, ""match_quality"": 0.88}]",6610.0,3371.0,13550.0,2025-11-11
Mercedes-Benz,C-Class,C300,2023,48229,prestige,full,good,none,good,2,expired,41310.0,46590.0,"[{""sold_at"": ""2026-03-03"", ""price_aud"": 42330.0, ""odometer_km"": 52313, ""match_quality"": 0.8}, {""sold_at"": ""2026-02-24"", ""price_aud"": 41230.0, ""odometer_km"": 46006, ""match_quality"": 0.99}, {""sold_at"": ""2026-04-01"", ""price_aud"": 44600.0, ""odometer_km"": 42337, ""match_quality"": 0.98}]",33430.0,409.0,52070.0,2026-04-22
Subaru,Outback,AWD,2023,46788,medium,full,fair,WL:abs; rear brakes,worn,2,current,23290.0,26270.0,"[{""sold_at"": ""2026-02-02"", ""price_aud"": 22670.0, ""odometer_km"": 56066, ""match_quality"": 0.71}, {""sold_at"": ""2026-01-19"", ""price_aud"": 27130.0, ""odometer_km"": 35521, ""match_quality"": 0.77}, {""sold_at"": ""2026-03-18"", ""price_aud"": 25190.0, ""odometer_km"": 48762, ""match_quality"": 0.67}, {""sold_at"": ""2026-05-06"", ""price_aud"": 25910.0, ""odometer_km"": 41901, ""match_quality"": 0.98}, {""sold_at"": ""2026-03-15"", ""price_aud"": 23300.0, ""odometer_km"": 47226, ""match_quality"": 0.6}, {""sold_at"": ""2026-04-08"", ""price_aud"": 26960.0, ""odometer_km"": 52845, ""match_quality"": 0.82}]",15250.0,4684.0,28560.0,2026-06-05
Holden,Commodore,Evoke,2016,177274,large,full,excellent,WL:check engine light,good,2,current,8810.0,9930.0,"[{""sold_at"": ""2026-01-06"", ""price_aud"": 10090.0, ""odometer_km"": 157387, ""match_quality"": 0.89}, {""sold_at"": ""2025-12-24"", ""price_aud"": 8870.0, ""odometer_km"": 198912, ""match_quality"": 0.66}, {""sold_at"": ""2026-01-18"", ""price_aud"": 9200.0, ""odometer_km"": 196361, ""match_quality"": 0.6}, {""sold_at"": ""2025-10-13"", ""price_aud"": 8990.0, ""odometer_km"": 137537, ""match_quality"": 0.78}, {""sold_at"": ""2025-10-16"", ""price_aud"": 9610.0, ""odometer_km"": 147896, ""match_quality"": 0.75}]",6190.0,943.0,10700.0,2026-02-06
